"","MLSP 287"
"immune response-regulating signaling pathway",1.75789137359623e-276
"immune response",7.53367986790287e-86
"antigen processing and presentation of peptide or polysaccharide antigen via MHC class II",2.06304990621334e-52
"peptide antigen assembly with MHC class II protein complex",2.06113973507116e-43
"adaptive immune response",6.24762846120415e-39
"antigen processing and presentation of exogenous peptide antigen via MHC class II",6.38360504073473e-39
"positive regulation of immune response",1.62670103910393e-34
"positive regulation of T cell activation",1.85035419454175e-34
"signaling",3.30842390881933e-25
"antigen processing and presentation",3.30842390881933e-25
"cellular defense response",6.30469037074294e-22
"chemokine-mediated signaling pathway",2.69134797590329e-18
"antimicrobial humoral immune response mediated by antimicrobial peptide",3.90410994772736e-18
"antigen processing and presentation of endogenous peptide antigen via MHC class I",7.86741306832853e-18
"positive regulation of interleukin-6 production",1.38203455537094e-11
"spliceosomal tri-snRNP complex assembly",2.38037065266564e-11
"immune system process",4.36968475547625e-11
"positive regulation of interleukin-1 beta production",4.80076326385801e-11
"positive regulation of cellular senescence",1.76759723864215e-10
"microglial cell activation",4.94368078226685e-10
"cell communication",6.78161348291142e-10
"phospholipid metabolic process",1.21751171375369e-09
"cell surface receptor signaling pathway",2.03127314229389e-09
"negative regulation of miRNA transcription",7.82327241105161e-09
"positive regulation of non-canonical NF-kappaB signal transduction",9.39332296554544e-09
"positive regulation of T cell proliferation",1.4817853809413e-08
"chemotaxis",2.00798226365685e-08
"positive regulation of cell migration",3.13752410274298e-08
"positive regulation of chemokine production",1.279424282423e-07
"cell-cell signaling",1.71678313758754e-07
"positive regulation of natural killer cell cytokine production",2.71716470694732e-07
"mismatch repair",2.97175966936327e-07
"negative regulation of natural killer cell mediated cytotoxicity",2.97175966936327e-07
"cellular response to type II interferon",3.11718976133673e-07
"regulation of stem cell population maintenance",3.19667681963854e-07
"tRNA aminoacylation for protein translation",5.66049065111757e-07
"positive regulation of extrinsic apoptotic signaling pathway",6.95152471070493e-07
"suppression of viral release by host",1.51855404892209e-06
"astrocyte activation",2.60180695257461e-06
"positive regulation of inflammatory response",2.95971888446839e-06
"positive regulation of DNA-binding transcription factor activity",6.07953505826313e-06
"positive regulation of interleukin-12 production",9.19920666329253e-06
"regulation of embryonic development",1.11752755581074e-05
"negative regulation of tumor necrosis factor production",1.45597386646471e-05
"phospholipid biosynthetic process",2.37625614068432e-05
"regulation of multicellular organismal process",2.37625614068432e-05
"collagen-activated tyrosine kinase receptor signaling pathway",3.02546215084596e-05
"phosphatidylinositol acyl-chain remodeling",3.37729791303448e-05
"natural killer cell activation",4.28196018282949e-05
"regulation of DNA replication",4.61172824599286e-05
"positive regulation of cytokine production",5.94365339519734e-05
"nuclear-transcribed mRNA poly(A) tail shortening",6.94132820262781e-05
"osteoclast differentiation",0.000118216913537849
"positive regulation of smooth muscle cell proliferation",0.000131163745607054
"choline transport",0.000131163745607054
"complement activation",0.000133113408899186
"tRNA splicing, via endonucleolytic cleavage and ligation",0.000215164894859186
"positive regulation of cytokine production involved in inflammatory response",0.000273155647927587
"positive regulation of cysteine-type endopeptidase activity involved in apoptotic process",0.000420376464439312
"inflammatory response",0.000453785526434312
"phosphatidylcholine biosynthetic process",0.000492501902743137
"positive regulation of nitric oxide biosynthetic process",0.00054954880270526
"phosphatidylinositol biosynthetic process",0.000550946423668291
"zinc ion transport",0.000703479605869636
"zinc ion transmembrane transport",0.000703479605869636
"neuron development",0.00070883039578436
"proteolysis involved in protein catabolic process",0.000828657590014779
"transcription initiation at RNA polymerase II promoter",0.000975071820426962
"mitochondrial electron transport, NADH to ubiquinone",0.00131827134628235
"retinoic acid receptor signaling pathway",0.00157544749132323
"regulation of canonical NF-kappaB signal transduction",0.00172840964606616
"RNA polymerase II preinitiation complex assembly",0.0019390479418157
"extrinsic apoptotic signaling pathway via death domain receptors",0.00270851816984458
"immune response-activating cell surface receptor signaling pathway",0.00281095664315155
"cognition",0.00302870758029155
"megakaryocyte development",0.00302870758029155
"positive regulation of activated T cell proliferation",0.00310294529826112
"negative regulation of viral entry into host cell",0.0050947839994132
"cellular response to lipopolysaccharide",0.00576243560457957
"platelet formation",0.0057784986353948
"mitochondrial respiratory chain complex I assembly",0.00606528119301192
"cellular response to tumor necrosis factor",0.00606960961186439
"mRNA splice site recognition",0.00613816801720598
"cell chemotaxis",0.00776841491374691
"antiviral innate immune response",0.00819884759087233
"positive regulation of protein phosphorylation",0.0084186177724251
"positive regulation of tumor necrosis factor production",0.0084186177724251
"biological_process",0.011265344286024
"eye development",0.0114822790833166
"positive regulation of p38MAPK cascade",0.011508260035341
"positive regulation of NF-kappaB transcription factor activity",0.0118182039240497
"positive regulation of canonical NF-kappaB signal transduction",0.0124315673199794
"regulation of presynaptic membrane potential",0.0134156251924304
"protein localization to cell surface",0.0167013699289011
"response to bacterium",0.0172916574701322
"negative regulation of proteasomal ubiquitin-dependent protein catabolic process",0.0174966400099818
"nucleotide-excision repair",0.0187074161979792
"tRNA processing",0.0188541057615451
"synaptic transmission, GABAergic",0.0202930809652047
"gamma-aminobutyric acid signaling pathway",0.0210865813880533
"positive regulation of transcription initiation by RNA polymerase II",0.0219534869722818
"blood coagulation",0.0230506746065379
"cellular response to amyloid-beta",0.0247200755414977
"positive regulation of neuron apoptotic process",0.0251931931298139
"intrinsic apoptotic signaling pathway in response to DNA damage by p53 class mediator",0.0251931931298139
"positive regulation of tyrosine phosphorylation of STAT protein",0.0261201462472941
"protein K63-linked ubiquitination",0.0261201462472941
"positive regulation of SMAD protein signal transduction",0.0261201462472941
"positive regulation of telomere maintenance",0.0261201462472941
"regulation of insulin secretion",0.0261201462472941
"regulation of inflammatory response",0.0282764504476887
"intracellular zinc ion homeostasis",0.0326571939679751
"innate immune response",0.0350079164969539
"negative regulation of cysteine-type endopeptidase activity involved in apoptotic process",0.037602346817928
"positive chemotaxis",0.03780762947546
"proton motive force-driven mitochondrial ATP synthesis",0.039643707885855
"regulation of small GTPase mediated signal transduction",0.039643707885855
"rescue of stalled ribosome",0.042751559190369
"aerobic respiration",0.0440273893705566
"tumor necrosis factor-mediated signaling pathway",0.0440273893705566
"mRNA catabolic process",0.0454416410510871
"negative regulation of interleukin-6 production",0.0454416410510871
"protein ubiquitination",0.0476248691715302
"ERAD pathway",0.0482845376705869
"chloride transmembrane transport",0.0482845376705869
"peptidyl-threonine phosphorylation",0.0484527787355197
"positive regulation of interleukin-10 production",0.0488792699531452
"retinol metabolic process",0.049582999899328
