"Iteration","Removed_Species","Success","Error_Message"
1,"Ailuropoda_melanoleuca",FALSE,"unused argument (IDnameGC = iter_id)"
2,"Bos_taurus",FALSE,"unused argument (IDnameGC = iter_id)"
3,"Callithrix_jacchus",FALSE,"unused argument (IDnameGC = iter_id)"
4,"Canis_familiaris",FALSE,"unused argument (IDnameGC = iter_id)"
5,"Capra_hircus",FALSE,"unused argument (IDnameGC = iter_id)"
6,"Cavia_porcellus",FALSE,"unused argument (IDnameGC = iter_id)"
7,"Cebus_capucinus_imitator",FALSE,"unused argument (IDnameGC = iter_id)"
8,"Chinchilla_lanigera",FALSE,"unused argument (IDnameGC = iter_id)"
9,"Colobus_angolensis_palliatus",FALSE,"unused argument (IDnameGC = iter_id)"
10,"Dasypus_novemcinctus",FALSE,"unused argument (IDnameGC = iter_id)"
11,"Equus_asinus_asinus",FALSE,"unused argument (IDnameGC = iter_id)"
12,"Equus_caballus",FALSE,"unused argument (IDnameGC = iter_id)"
13,"Felis_catus",FALSE,"unused argument (IDnameGC = iter_id)"
14,"Gorilla_gorilla",FALSE,"unused argument (IDnameGC = iter_id)"
15,"Heterocephalus_glaber",FALSE,"unused argument (IDnameGC = iter_id)"
16,"Homo_sapiens",FALSE,"unused argument (IDnameGC = iter_id)"
17,"Ictidomys_tridecemlineatus",FALSE,"unused argument (IDnameGC = iter_id)"
18,"Loxodonta_africana",FALSE,"unused argument (IDnameGC = iter_id)"
19,"Macaca_fascicularis",FALSE,"unused argument (IDnameGC = iter_id)"
20,"Macaca_mulatta",FALSE,"unused argument (IDnameGC = iter_id)"
21,"Macaca_nemestrina",FALSE,"unused argument (IDnameGC = iter_id)"
22,"Meriones_unguiculatus",FALSE,"unused argument (IDnameGC = iter_id)"
23,"Microcebus_murinus",FALSE,"unused argument (IDnameGC = iter_id)"
24,"Microtus_ochrogaster",FALSE,"unused argument (IDnameGC = iter_id)"
25,"Monodelphis_domestica",FALSE,"unused argument (IDnameGC = iter_id)"
26,"Mus_musculus",FALSE,"unused argument (IDnameGC = iter_id)"
27,"Mustela_putorius_furo",FALSE,"unused argument (IDnameGC = iter_id)"
28,"Myotis_lucifugus",FALSE,"unused argument (IDnameGC = iter_id)"
29,"Neovison_vison",FALSE,"unused argument (IDnameGC = iter_id)"
30,"Nomascus_leucogenys",FALSE,"unused argument (IDnameGC = iter_id)"
31,"Octodon_degus",FALSE,"unused argument (IDnameGC = iter_id)"
32,"Oryctolagus_cuniculus",FALSE,"unused argument (IDnameGC = iter_id)"
33,"Otolemur_garnettii",FALSE,"unused argument (IDnameGC = iter_id)"
34,"Ovis_aries",FALSE,"unused argument (IDnameGC = iter_id)"
35,"Pan_paniscus",FALSE,"unused argument (IDnameGC = iter_id)"
36,"Pan_troglodytes",FALSE,"unused argument (IDnameGC = iter_id)"
37,"Panthera_pardus",FALSE,"unused argument (IDnameGC = iter_id)"
38,"Papio_anubis",FALSE,"unused argument (IDnameGC = iter_id)"
39,"Peromyscus_maniculatus_bairdii",FALSE,"unused argument (IDnameGC = iter_id)"
40,"Phascolarctos_cinereus",FALSE,"unused argument (IDnameGC = iter_id)"
41,"Rattus_norvegicus",FALSE,"unused argument (IDnameGC = iter_id)"
42,"Saimiri_boliviensis_boliviensis",FALSE,"unused argument (IDnameGC = iter_id)"
43,"Sus_scrofa",FALSE,"unused argument (IDnameGC = iter_id)"
44,"Tursiops_truncatus",FALSE,"unused argument (IDnameGC = iter_id)"
45,"Vombatus_ursinus",FALSE,"unused argument (IDnameGC = iter_id)"
46,"Vulpes_vulpes",FALSE,"unused argument (IDnameGC = iter_id)"
