"","MLSP 508"
"somatic stem cell population maintenance",4.89504882552867e-77
"cellular senescence",9.02790631711724e-51
"negative regulation of gene expression",4.60496637924425e-43
"negative regulation of transcription by RNA polymerase II",2.95746178059092e-36
"positive regulation of gene expression",1.06461407690155e-35
"negative regulation of miRNA transcription",3.80727577714578e-34
"MAPK cascade",8.1205006948354e-31
"response to wounding",5.73714281362565e-28
"protein phosphorylation",6.28556022477875e-27
"BMP signaling pathway",3.86714479008072e-26
"insulin-like growth factor receptor signaling pathway",9.62718148844637e-26
"positive regulation of transcription by RNA polymerase II",1.55388999734051e-23
"regulation of gene expression",8.30141891318952e-23
"chromatin remodeling",2.09727051442536e-22
"regulation of transcription by RNA polymerase II",9.80751581451639e-22
"DNA damage response",1.05341470908392e-21
"positive regulation of canonical Wnt signaling pathway",7.58249752713176e-21
"peptidyl-serine phosphorylation",1.87933880327837e-19
"regulation of cell cycle",1.21490784209333e-18
"rhythmic process",1.23847070566831e-17
"chromosome organization",1.86011625803792e-16
"regulation of signal transduction by p53 class mediator",2.09256371463417e-16
"positive regulation of blood vessel endothelial cell migration",7.32381743567073e-16
"Ras protein signal transduction",1.90685277806135e-15
"negative regulation of apoptotic signaling pathway",8.77486282267273e-15
"regulation of cell population proliferation",1.36946622828542e-14
"positive regulation of MAP kinase activity",2.94591358380923e-14
"double-strand break repair via nonhomologous end joining",5.86979380492191e-14
"positive regulation of DNA-templated transcription",6.11367475955106e-14
"DNA repair",6.5945635054855e-14
"positive regulation of Notch signaling pathway",1.52078936854602e-13
"regulation of DNA-templated transcription",2.81128114585132e-13
"chromatin organization",4.45652585433986e-13
"anatomical structure morphogenesis",4.45652585433986e-13
"negative regulation of gene expression, epigenetic",7.85354406005976e-13
"double-strand break repair",1.86240134705598e-12
"glucose metabolic process",4.39653855415308e-12
"heterochromatin formation",5.77007058294397e-12
"apoptotic process",2.08962366564261e-11
"release of cytochrome c from mitochondria",3.17018528517007e-11
"keratinocyte differentiation",1.35340741751523e-10
"negative regulation of DNA-templated transcription",1.5982067201603e-10
"negative regulation of transforming growth factor beta receptor signaling pathway",1.5982067201603e-10
"cellular response to hypoxia",1.67295087704065e-10
"cellular response to insulin stimulus",1.82724358974853e-10
"neuron apoptotic process",2.65249136182068e-10
"cell population proliferation",3.49481353505993e-10
"protein autophosphorylation",7.67262681221805e-10
"transcription initiation-coupled chromatin remodeling",7.95142873439818e-10
"positive regulation of MAPK cascade",2.57445773288108e-09
"positive regulation of reactive oxygen species metabolic process",8.09066774265211e-09
"positive regulation of stem cell population maintenance",8.79760712114509e-09
"positive regulation of peptidyl-serine phosphorylation",2.00839132296212e-08
"regulation of neurogenesis",2.63663299350328e-08
"DNA recombination",2.66787052188147e-08
"positive regulation of fibroblast proliferation",3.48690460760382e-08
"negative regulation of cell population proliferation",7.0933120828201e-08
"cellular response to hydrogen peroxide",9.07617862279319e-08
"epidermal growth factor receptor signaling pathway",9.41108136402938e-08
"response to estradiol",1.20769370678619e-07
"negative regulation of canonical Wnt signaling pathway",1.30131298801333e-07
"negative regulation of inflammatory response",1.3302276199282e-07
"positive regulation of epithelial cell proliferation",1.85348150129674e-07
"cellular response to xenobiotic stimulus",2.35698514755113e-07
"negative regulation of apoptotic process",2.90562544918621e-07
"G1/S transition of mitotic cell cycle",3.3282285217687e-07
"negative regulation of neuron apoptotic process",4.83946353213036e-07
"negative regulation of DNA-binding transcription factor activity",5.25188924281103e-07
"myelination",5.84703500181688e-07
"regulation of embryonic development",8.95127581849085e-07
"peptidyl-threonine phosphorylation",9.25558807001417e-07
"regulation of cell differentiation",9.25558807001417e-07
"negative regulation of cell growth",1.21072633344639e-06
"protein stabilization",1.31199360312828e-06
"regulation of mitotic cell cycle",1.38223432528105e-06
"cellular response to UV",1.47290152963029e-06
"negative regulation of G1/S transition of mitotic cell cycle",2.11540756283632e-06
"signal transduction",2.85397345001695e-06
"regulation of DNA repair",3.05090759789975e-06
"nuclear-transcribed mRNA catabolic process, nonsense-mediated decay",4.32853526506948e-06
"positive regulation of cell population proliferation",5.62528274787196e-06
"response to ethanol",5.67455223732607e-06
"skeletal system development",6.69869271997906e-06
"transcription by RNA polymerase II",6.93589098914968e-06
"regulation of circadian rhythm",7.88228730582825e-06
"intrinsic apoptotic signaling pathway in response to DNA damage",8.81879167828831e-06
"cell division",1.09104593491111e-05
"regulation of translation",1.09104593491111e-05
"protein modification process",1.14334879098011e-05
"post-embryonic development",1.37946028712616e-05
"insulin receptor signaling pathway",1.53990120152306e-05
"protein localization",1.5754682861382e-05
"apoptotic signaling pathway",1.70481002069945e-05
"negative regulation of protein kinase activity",2.14416284266989e-05
"cellular response to ionizing radiation",2.82876455064196e-05
"epithelial cell differentiation",3.48821229719708e-05
"circadian rhythm",3.89798430818192e-05
"proteasome-mediated ubiquitin-dependent protein catabolic process",4.21211222034307e-05
"cellular response to amino acid stimulus",4.54969502228397e-05
"positive regulation of cell growth",5.21952995113741e-05
"central nervous system development",5.39314608908276e-05
"centrosome cycle",6.08015988515351e-05
"mRNA transport",8.12597087691113e-05
"osteoblast differentiation",8.49185112608651e-05
"hippocampus development",8.83803832695031e-05
"positive regulation of DNA repair",9.08763568536343e-05
"positive regulation of TORC1 signaling",9.44414046984854e-05
"telomere maintenance",9.81149996231201e-05
"Wnt signaling pathway",0.000102118887368092
"protein deubiquitination",0.000126095263301684
"response to ischemia",0.000140202726735613
"regulation of apoptotic process",0.000152339192812652
"response to xenobiotic stimulus",0.000154549457439872
"cellular response to tumor necrosis factor",0.000211405104180073
"positive regulation of protein phosphorylation",0.000211405104180073
"Notch signaling pathway",0.000239453833024555
"animal organ morphogenesis",0.000312893332120267
"positive regulation of angiogenesis",0.000377686261132132
"canonical Wnt signaling pathway",0.000433385496720978
"glycolytic process",0.000650855123990526
"neuron differentiation",0.00104377856612064
"positive regulation of proteasomal ubiquitin-dependent protein catabolic process",0.00112159618597491
"regulation of protein stability",0.00140298007150192
"positive regulation of cell migration",0.00188538810420198
"mRNA export from nucleus",0.00192729955761633
"positive regulation of JNK cascade",0.0025869335944841
"response to oxidative stress",0.00261415862050132
"positive regulation of cytokine production",0.00281671394159386
"response to hypoxia",0.00283044536022938
"positive regulation of ERK1 and ERK2 cascade",0.00315282983823224
"intracellular signal transduction",0.00342501896860053
"chemotaxis",0.00412836237715389
"response to organic cyclic compound",0.00490511854119043
"chromosome segregation",0.00534586819326118
"positive regulation of GTPase activity",0.00719370662874928
"T cell receptor signaling pathway",0.00777438796013338
"cellular response to oxidative stress",0.0081188630376024
"protein-containing complex assembly",0.00827456018623969
"microtubule cytoskeleton organization",0.0103313669600823
"spermatogenesis",0.0185828560417019
"angiogenesis",0.0263891593455415
"negative regulation of translation",0.028855331690952
"negative regulation of cell migration",0.0312189520855571
"mRNA processing",0.0317563248752282
"protein polyubiquitination",0.0459960630131849
