"GOID","GO Term","Genes in the GO","Expected genes per GO","Standard Deviation of the samples","Z-score","One tail p-value","FDR","Numeric p-value","Numeric FDR"
"GO:1902600","proton transmembrane transport","0","0","0","NaN","NaN","NaN","1","1"
"GO:0032981","mitochondrial respiratory chain complex I assembly","0","0","0","NaN","NaN","NaN","1","1"
"GO:0009060","aerobic respiration","0","0","0","NaN","NaN","NaN","1","1"
"GO:0042776","proton motive force-driven mitochondrial ATP synthesis","0","0","0","NaN","NaN","NaN","1","1"
"GO:0001666","response to hypoxia","0","0","0","NaN","NaN","NaN","1","1"
"GO:0009410","response to xenobiotic stimulus","0","0","0","NaN","NaN","NaN","1","1"
"GO:0014070","response to organic cyclic compound","0","0","0","NaN","NaN","NaN","1","1"
"GO:0006979","response to oxidative stress","0","0","0","NaN","NaN","NaN","1","1"
"GO:0021549","cerebellum development","0","0","0","NaN","NaN","NaN","1","1"
"GO:0001701","in utero embryonic development","0","0","0","NaN","NaN","NaN","1","1"
"GO:0045471","response to ethanol","0","0","0","NaN","NaN","NaN","1","1"
"GO:0007584","response to nutrient","0","0","0","NaN","NaN","NaN","1","1"
"GO:0009636","response to toxic substance","0","0","0","NaN","NaN","NaN","1","1"
"GO:0006412","translation","0","0","0","NaN","NaN","NaN","1","1"
"GO:0002250","adaptive immune response","0","0","0","NaN","NaN","NaN","1","1"
"GO:0007186","G protein-coupled receptor signaling pathway","0","0","0","NaN","NaN","NaN","1","1"
"GO:0007218","neuropeptide signaling pathway","0","0","0","NaN","NaN","NaN","1","1"
"GO:0006468","protein phosphorylation","0","0","0","NaN","NaN","NaN","1","1"
"GO:0043066","negative regulation of apoptotic process","0","0","0","NaN","NaN","NaN","1","1"
"GO:0045892","negative regulation of DNA-templated transcription","0","0","0","NaN","NaN","NaN","1","1"
"GO:0008284","positive regulation of cell population proliferation","0","0","0","NaN","NaN","NaN","1","1"
"GO:0006915","apoptotic process","0","0","0","NaN","NaN","NaN","1","1"
"GO:0030154","cell differentiation","0","0","0","NaN","NaN","NaN","1","1"
"GO:0006935","chemotaxis","0","0","0","NaN","NaN","NaN","1","1"
"GO:0001525","angiogenesis","0","0","0","NaN","NaN","NaN","1","1"
"GO:0016525","negative regulation of angiogenesis","0","0","0","NaN","NaN","NaN","1","1"
"GO:0006914","autophagy","0","0","0","NaN","NaN","NaN","1","1"
"GO:0051607","defense response to virus","0","0","0","NaN","NaN","NaN","1","1"
"GO:0045087","innate immune response","0","0","0","NaN","NaN","NaN","1","1"
"GO:0034220","monoatomic ion transmembrane transport","0","0","0","NaN","NaN","NaN","1","1"
"GO:0045944","positive regulation of transcription by RNA polymerase II","0","0","0","NaN","NaN","NaN","1","1"
"GO:0051091","positive regulation of DNA-binding transcription factor activity","0","0","0","NaN","NaN","NaN","1","1"
"GO:0016567","protein ubiquitination","0","0","0","NaN","NaN","NaN","1","1"
"GO:0043161","proteasome-mediated ubiquitin-dependent protein catabolic process","0","0","0","NaN","NaN","NaN","1","1"
"GO:0051056","regulation of small GTPase mediated signal transduction","0","0","0","NaN","NaN","NaN","1","1"
"GO:0032956","regulation of actin cytoskeleton organization","0","0","0","NaN","NaN","NaN","1","1"
"GO:0015031","protein transport","0","0","0","NaN","NaN","NaN","1","1"
"GO:0006887","exocytosis","0","0","0","NaN","NaN","NaN","1","1"
"GO:0030030","cell projection organization","0","0","0","NaN","NaN","NaN","1","1"
"GO:0060271","cilium assembly","0","0","0","NaN","NaN","NaN","1","1"
"GO:0008104","protein localization","0","0","0","NaN","NaN","NaN","1","1"
"GO:0006897","endocytosis","0","0","0","NaN","NaN","NaN","1","1"
"GO:0016192","vesicle-mediated transport","0","0","0","NaN","NaN","NaN","1","1"
"GO:0006338","chromatin remodeling","0","0","0","NaN","NaN","NaN","1","1"
"GO:0007409","axonogenesis","0","0","0","NaN","NaN","NaN","1","1"
"GO:0010628","positive regulation of gene expression","0","0","0","NaN","NaN","NaN","1","1"
"GO:0030335","positive regulation of cell migration","0","0","0","NaN","NaN","NaN","1","1"
"GO:0042981","regulation of apoptotic process","0","0","0","NaN","NaN","NaN","1","1"
"GO:0060070","canonical Wnt signaling pathway","0","0","0","NaN","NaN","NaN","1","1"
"GO:0016055","Wnt signaling pathway","0","0","0","NaN","NaN","NaN","1","1"
"GO:0055085","transmembrane transport","0","0","0","NaN","NaN","NaN","1","1"
"GO:0007399","nervous system development","0","0","0","NaN","NaN","NaN","1","1"
"GO:0045893","positive regulation of DNA-templated transcription","0","0","0","NaN","NaN","NaN","1","1"
"GO:0072659","protein localization to plasma membrane","0","0","0","NaN","NaN","NaN","1","1"
"GO:0006470","protein dephosphorylation","0","0","0","NaN","NaN","NaN","1","1"
"GO:0007165","signal transduction","0","0","0","NaN","NaN","NaN","1","1"
"GO:0006511","ubiquitin-dependent protein catabolic process","0","0","0","NaN","NaN","NaN","1","1"
"GO:0006954","inflammatory response","0","0","0","NaN","NaN","NaN","1","1"
"GO:0030855","epithelial cell differentiation","0","0","0","NaN","NaN","NaN","1","1"
"GO:0051301","cell division","0","0","0","NaN","NaN","NaN","1","1"
"GO:0035556","intracellular signal transduction","0","0","0","NaN","NaN","NaN","1","1"
"GO:0030036","actin cytoskeleton organization","0","0","0","NaN","NaN","NaN","1","1"
"GO:0000226","microtubule cytoskeleton organization","0","0","0","NaN","NaN","NaN","1","1"
"GO:0036503","ERAD pathway","0","0","0","NaN","NaN","NaN","1","1"
"GO:0030182","neuron differentiation","0","0","0","NaN","NaN","NaN","1","1"
"GO:0051726","regulation of cell cycle","0","0","0","NaN","NaN","NaN","1","1"
"GO:0007166","cell surface receptor signaling pathway","0","0","0","NaN","NaN","NaN","1","1"
"GO:0019221","cytokine-mediated signaling pathway","0","0","0","NaN","NaN","NaN","1","1"
"GO:0007200","phospholipase C-activating G protein-coupled receptor signaling pathway","0","0","0","NaN","NaN","NaN","1","1"
"GO:0010508","positive regulation of autophagy","0","0","0","NaN","NaN","NaN","1","1"
"GO:0032259","methylation","0","0","0","NaN","NaN","NaN","1","1"
"GO:0008150","biological_process","0","0","0","NaN","NaN","NaN","1","1"
"GO:0006629","lipid metabolic process","0","0","0","NaN","NaN","NaN","1","1"
"GO:0006355","regulation of DNA-templated transcription","0","0","0","NaN","NaN","NaN","1","1"
"GO:0006357","regulation of transcription by RNA polymerase II","0","0","0","NaN","NaN","NaN","1","1"
"GO:0007155","cell adhesion","0","0","0","NaN","NaN","NaN","1","1"
"GO:0001501","skeletal system development","0","0","0","NaN","NaN","NaN","1","1"
"GO:0006397","mRNA processing","0","0","0","NaN","NaN","NaN","1","1"
"GO:0008380","RNA splicing","0","0","0","NaN","NaN","NaN","1","1"
"GO:0006508","proteolysis","0","0","0","NaN","NaN","NaN","1","1"
"GO:0007601","visual perception","0","0","0","NaN","NaN","NaN","1","1"
"GO:0046777","protein autophosphorylation","0","0","0","NaN","NaN","NaN","1","1"
"GO:0006888","endoplasmic reticulum to Golgi vesicle-mediated transport","0","0","0","NaN","NaN","NaN","1","1"
"GO:0042127","regulation of cell population proliferation","0","0","0","NaN","NaN","NaN","1","1"
"GO:0016477","cell migration","0","0","0","NaN","NaN","NaN","1","1"
"GO:0007179","transforming growth factor beta receptor signaling pathway","0","0","0","NaN","NaN","NaN","1","1"
"GO:0007283","spermatogenesis","0","0","0","NaN","NaN","NaN","1","1"
"GO:0098609","cell-cell adhesion","0","0","0","NaN","NaN","NaN","1","1"
"GO:0006325","chromatin organization","0","0","0","NaN","NaN","NaN","1","1"
"GO:0000122","negative regulation of transcription by RNA polymerase II","0","0","0","NaN","NaN","NaN","1","1"
"GO:0009653","anatomical structure morphogenesis","0","0","0","NaN","NaN","NaN","1","1"
"GO:0007420","brain development","0","0","0","NaN","NaN","NaN","1","1"
"GO:0010629","negative regulation of gene expression","0","0","0","NaN","NaN","NaN","1","1"
"GO:0010468","regulation of gene expression","0","0","0","NaN","NaN","NaN","1","1"
"GO:0007015","actin filament organization","0","0","0","NaN","NaN","NaN","1","1"
"GO:0030334","regulation of cell migration","0","0","0","NaN","NaN","NaN","1","1"
"GO:0043627","response to estrogen","0","0","0","NaN","NaN","NaN","1","1"
"GO:0045444","fat cell differentiation","0","0","0","NaN","NaN","NaN","1","1"
"GO:0050821","protein stabilization","0","0","0","NaN","NaN","NaN","1","1"
"GO:0051865","protein autoubiquitination","0","0","0","NaN","NaN","NaN","1","1"
"GO:0070936","protein K48-linked ubiquitination","0","0","0","NaN","NaN","NaN","1","1"
"GO:0007010","cytoskeleton organization","0","0","0","NaN","NaN","NaN","1","1"
"GO:0008360","regulation of cell shape","0","0","0","NaN","NaN","NaN","1","1"
"GO:0007338","single fertilization","0","0","0","NaN","NaN","NaN","1","1"
"GO:0007268","chemical synaptic transmission","0","0","0","NaN","NaN","NaN","1","1"
"GO:0050804","modulation of chemical synaptic transmission","0","0","0","NaN","NaN","NaN","1","1"
"GO:0007612","learning","0","0","0","NaN","NaN","NaN","1","1"
"GO:0008584","male gonad development","0","0","0","NaN","NaN","NaN","1","1"
"GO:0006281","DNA repair","0","0","0","NaN","NaN","NaN","1","1"
"GO:0006364","rRNA processing","0","0","0","NaN","NaN","NaN","1","1"
"GO:0042274","ribosomal small subunit biogenesis","0","0","0","NaN","NaN","NaN","1","1"
"GO:0001649","osteoblast differentiation","0","0","0","NaN","NaN","NaN","1","1"
"GO:0042254","ribosome biogenesis","0","0","0","NaN","NaN","NaN","1","1"
"GO:0000398","mRNA splicing, via spliceosome","0","0","0","NaN","NaN","NaN","1","1"
"GO:0007517","muscle organ development","0","0","0","NaN","NaN","NaN","1","1"
"GO:0008285","negative regulation of cell population proliferation","0","0","0","NaN","NaN","NaN","1","1"
"GO:0006417","regulation of translation","0","0","0","NaN","NaN","NaN","1","1"
"GO:0017148","negative regulation of translation","0","0","0","NaN","NaN","NaN","1","1"
"GO:0051321","meiotic cell cycle","0","0","0","NaN","NaN","NaN","1","1"
"GO:0043123","positive regulation of canonical NF-kappaB signal transduction","0","0","0","NaN","NaN","NaN","1","1"
"GO:0002376","immune system process","0","0","0","NaN","NaN","NaN","1","1"
"GO:0000209","protein polyubiquitination","0","0","0","NaN","NaN","NaN","1","1"
"GO:0006955","immune response","0","0","0","NaN","NaN","NaN","1","1"
"GO:0043524","negative regulation of neuron apoptotic process","0","0","0","NaN","NaN","NaN","1","1"
"GO:0032496","response to lipopolysaccharide","0","0","0","NaN","NaN","NaN","1","1"
"GO:0071333","cellular response to glucose stimulus","0","0","0","NaN","NaN","NaN","1","1"
"GO:0051260","protein homooligomerization","0","0","0","NaN","NaN","NaN","1","1"
"GO:0060261","positive regulation of transcription initiation by RNA polymerase II","0","0","0","NaN","NaN","NaN","1","1"
"GO:0002181","cytoplasmic translation","0","0","0","NaN","NaN","NaN","1","1"
"GO:0043065","positive regulation of apoptotic process","0","0","0","NaN","NaN","NaN","1","1"
"GO:0007030","Golgi organization","0","0","0","NaN","NaN","NaN","1","1"
"GO:0006606","protein import into nucleus","0","0","0","NaN","NaN","NaN","1","1"
"GO:0046718","symbiont entry into host cell","0","0","0","NaN","NaN","NaN","1","1"
"GO:0065003","protein-containing complex assembly","0","0","0","NaN","NaN","NaN","1","1"
"GO:0006631","fatty acid metabolic process","0","0","0","NaN","NaN","NaN","1","1"
"GO:0006886","intracellular protein transport","0","0","0","NaN","NaN","NaN","1","1"
"GO:0009267","cellular response to starvation","0","0","0","NaN","NaN","NaN","1","1"
"GO:0006874","intracellular calcium ion homeostasis","0","0","0","NaN","NaN","NaN","1","1"
"GO:0030198","extracellular matrix organization","0","0","0","NaN","NaN","NaN","1","1"
"GO:0007229","integrin-mediated signaling pathway","0","0","0","NaN","NaN","NaN","1","1"
"GO:0007596","blood coagulation","0","0","0","NaN","NaN","NaN","1","1"
"GO:0016485","protein processing","0","0","0","NaN","NaN","NaN","1","1"
"GO:0007160","cell-matrix adhesion","0","0","0","NaN","NaN","NaN","1","1"
"GO:0009612","response to mechanical stimulus","0","0","0","NaN","NaN","NaN","1","1"
"GO:0032355","response to estradiol","0","0","0","NaN","NaN","NaN","1","1"
"GO:0071356","cellular response to tumor necrosis factor","0","0","0","NaN","NaN","NaN","1","1"
"GO:0071560","cellular response to transforming growth factor beta stimulus","0","0","0","NaN","NaN","NaN","1","1"
"GO:0005975","carbohydrate metabolic process","0","0","0","NaN","NaN","NaN","1","1"
"GO:0007286","spermatid development","0","0","0","NaN","NaN","NaN","1","1"
"GO:0042593","glucose homeostasis","0","0","0","NaN","NaN","NaN","1","1"
"GO:0008217","regulation of blood pressure","0","0","0","NaN","NaN","NaN","1","1"
"GO:1905515","non-motile cilium assembly","0","0","0","NaN","NaN","NaN","1","1"
"GO:0032880","regulation of protein localization","0","0","0","NaN","NaN","NaN","1","1"
"GO:0007507","heart development","0","0","0","NaN","NaN","NaN","1","1"
"GO:0007005","mitochondrion organization","0","0","0","NaN","NaN","NaN","1","1"
"GO:0007626","locomotory behavior","0","0","0","NaN","NaN","NaN","1","1"
"GO:1901224","positive regulation of non-canonical NF-kappaB signal transduction","0","0","0","NaN","NaN","NaN","1","1"
"GO:0008544","epidermis development","0","0","0","NaN","NaN","NaN","1","1"
"GO:0030216","keratinocyte differentiation","0","0","0","NaN","NaN","NaN","1","1"
"GO:0090263","positive regulation of canonical Wnt signaling pathway","0","0","0","NaN","NaN","NaN","1","1"
"GO:0042742","defense response to bacterium","0","0","0","NaN","NaN","NaN","1","1"
"GO:0006952","defense response","0","0","0","NaN","NaN","NaN","1","1"
"GO:0001822","kidney development","0","0","0","NaN","NaN","NaN","1","1"
"GO:0032869","cellular response to insulin stimulus","0","0","0","NaN","NaN","NaN","1","1"
"GO:0033138","positive regulation of peptidyl-serine phosphorylation","0","0","0","NaN","NaN","NaN","1","1"
"GO:0070374","positive regulation of ERK1 and ERK2 cascade","0","0","0","NaN","NaN","NaN","1","1"
"GO:0070373","negative regulation of ERK1 and ERK2 cascade","0","0","0","NaN","NaN","NaN","1","1"
"GO:0031397","negative regulation of protein ubiquitination","0","0","0","NaN","NaN","NaN","1","1"
"GO:0051897","positive regulation of phosphatidylinositol 3-kinase/protein kinase B signal transduction","0","0","0","NaN","NaN","NaN","1","1"
"GO:0030512","negative regulation of transforming growth factor beta receptor signaling pathway","0","0","0","NaN","NaN","NaN","1","1"
"GO:0007605","sensory perception of sound","0","0","0","NaN","NaN","NaN","1","1"
"GO:0030324","lung development","0","0","0","NaN","NaN","NaN","1","1"
"GO:1990830","cellular response to leukemia inhibitory factor","0","0","0","NaN","NaN","NaN","1","1"
"GO:0034976","response to endoplasmic reticulum stress","0","0","0","NaN","NaN","NaN","1","1"
"GO:0036211","protein modification process","0","0","0","NaN","NaN","NaN","1","1"
"GO:0050731","positive regulation of peptidyl-tyrosine phosphorylation","0","0","0","NaN","NaN","NaN","1","1"
"GO:0090090","negative regulation of canonical Wnt signaling pathway","0","0","0","NaN","NaN","NaN","1","1"
"GO:0006869","lipid transport","0","0","0","NaN","NaN","NaN","1","1"
"GO:0006260","DNA replication","0","0","0","NaN","NaN","NaN","1","1"
"GO:0031175","neuron projection development","0","0","0","NaN","NaN","NaN","1","1"
"GO:0001764","neuron migration","0","0","0","NaN","NaN","NaN","1","1"
"GO:0051402","neuron apoptotic process","0","0","0","NaN","NaN","NaN","1","1"
"GO:0032024","positive regulation of insulin secretion","0","0","0","NaN","NaN","NaN","1","1"
"GO:0009791","post-embryonic development","0","0","0","NaN","NaN","NaN","1","1"
"GO:0030317","flagellated sperm motility","0","0","0","NaN","NaN","NaN","1","1"
"GO:0045785","positive regulation of cell adhesion","0","0","0","NaN","NaN","NaN","1","1"
"GO:0007267","cell-cell signaling","0","0","0","NaN","NaN","NaN","1","1"
"GO:0006811","monoatomic ion transport","0","0","0","NaN","NaN","NaN","1","1"
"GO:0006936","muscle contraction","0","0","0","NaN","NaN","NaN","1","1"
"GO:0006366","transcription by RNA polymerase II","0","0","0","NaN","NaN","NaN","1","1"
"GO:0006974","DNA damage response","0","0","0","NaN","NaN","NaN","1","1"
"GO:0006351","DNA-templated transcription","0","0","0","NaN","NaN","NaN","1","1"
"GO:0000278","mitotic cell cycle","0","0","0","NaN","NaN","NaN","1","1"
"GO:0001934","positive regulation of protein phosphorylation","0","0","0","NaN","NaN","NaN","1","1"
"GO:0043547","positive regulation of GTPase activity","0","0","0","NaN","NaN","NaN","1","1"
"GO:0008033","tRNA processing","0","0","0","NaN","NaN","NaN","1","1"
"GO:0000082","G1/S transition of mitotic cell cycle","0","0","0","NaN","NaN","NaN","1","1"
"GO:0007059","chromosome segregation","0","0","0","NaN","NaN","NaN","1","1"
"GO:0010467","gene expression","0","0","0","NaN","NaN","NaN","1","1"
"GO:0030218","erythrocyte differentiation","0","0","0","NaN","NaN","NaN","1","1"
"GO:0006396","RNA processing","0","0","0","NaN","NaN","NaN","1","1"
"GO:0042102","positive regulation of T cell proliferation","0","0","0","NaN","NaN","NaN","1","1"
"GO:0000902","cell morphogenesis","0","0","0","NaN","NaN","NaN","1","1"
"GO:0071277","cellular response to calcium ion","0","0","0","NaN","NaN","NaN","1","1"
"GO:0045732","positive regulation of protein catabolic process","0","0","0","NaN","NaN","NaN","1","1"
"GO:0034599","cellular response to oxidative stress","0","0","0","NaN","NaN","NaN","1","1"
"GO:0008286","insulin receptor signaling pathway","0","0","0","NaN","NaN","NaN","1","1"
"GO:0001568","blood vessel development","0","0","0","NaN","NaN","NaN","1","1"
"GO:0032868","response to insulin","0","0","0","NaN","NaN","NaN","1","1"
"GO:0006486","protein glycosylation","0","0","0","NaN","NaN","NaN","1","1"
"GO:0010976","positive regulation of neuron projection development","0","0","0","NaN","NaN","NaN","1","1"
"GO:0043410","positive regulation of MAPK cascade","0","0","0","NaN","NaN","NaN","1","1"
"GO:0001932","regulation of protein phosphorylation","0","0","0","NaN","NaN","NaN","1","1"
"GO:0010977","negative regulation of neuron projection development","0","0","0","NaN","NaN","NaN","1","1"
"GO:0007204","positive regulation of cytosolic calcium ion concentration","0","0","0","NaN","NaN","NaN","1","1"
"GO:0000165","MAPK cascade","0","0","0","NaN","NaN","NaN","1","1"
"GO:0030163","protein catabolic process","0","0","0","NaN","NaN","NaN","1","1"
"GO:0060173","limb development","0","0","0","NaN","NaN","NaN","1","1"
"GO:0008344","adult locomotory behavior","0","0","0","NaN","NaN","NaN","1","1"
"GO:0035264","multicellular organism growth","0","0","0","NaN","NaN","NaN","1","1"
"GO:0043010","camera-type eye development","0","0","0","NaN","NaN","NaN","1","1"
"GO:0048812","neuron projection morphogenesis","0","0","0","NaN","NaN","NaN","1","1"
"GO:0030900","forebrain development","0","0","0","NaN","NaN","NaN","1","1"
"GO:0043491","phosphatidylinositol 3-kinase/protein kinase B signal transduction","0","0","0","NaN","NaN","NaN","1","1"
"GO:0009952","anterior/posterior pattern specification","0","0","0","NaN","NaN","NaN","1","1"
"GO:0008283","cell population proliferation","0","0","0","NaN","NaN","NaN","1","1"
"GO:0009749","response to glucose","0","0","0","NaN","NaN","NaN","1","1"
"GO:0030307","positive regulation of cell growth","0","0","0","NaN","NaN","NaN","1","1"
"GO:0045727","positive regulation of translation","0","0","0","NaN","NaN","NaN","1","1"
"GO:0016042","lipid catabolic process","0","0","0","NaN","NaN","NaN","1","1"
"GO:0030183","B cell differentiation","0","0","0","NaN","NaN","NaN","1","1"
"GO:0030097","hemopoiesis","0","0","0","NaN","NaN","NaN","1","1"
"GO:0051092","positive regulation of NF-kappaB transcription factor activity","0","0","0","NaN","NaN","NaN","1","1"
"GO:0050852","T cell receptor signaling pathway","0","0","0","NaN","NaN","NaN","1","1"
"GO:0050728","negative regulation of inflammatory response","0","0","0","NaN","NaN","NaN","1","1"
"GO:0051898","negative regulation of phosphatidylinositol 3-kinase/protein kinase B signal transduction","0","0","0","NaN","NaN","NaN","1","1"
"GO:0070588","calcium ion transmembrane transport","0","0","0","NaN","NaN","NaN","1","1"
"GO:0006816","calcium ion transport","0","0","0","NaN","NaN","NaN","1","1"
"GO:0006302","double-strand break repair","0","0","0","NaN","NaN","NaN","1","1"
"GO:0031647","regulation of protein stability","0","0","0","NaN","NaN","NaN","1","1"
"GO:0045666","positive regulation of neuron differentiation","0","0","0","NaN","NaN","NaN","1","1"
"GO:0001933","negative regulation of protein phosphorylation","0","0","0","NaN","NaN","NaN","1","1"
"GO:0045766","positive regulation of angiogenesis","0","0","0","NaN","NaN","NaN","1","1"
"GO:0010595","positive regulation of endothelial cell migration","0","0","0","NaN","NaN","NaN","1","1"
"GO:0071456","cellular response to hypoxia","0","0","0","NaN","NaN","NaN","1","1"
"GO:0007219","Notch signaling pathway","0","0","0","NaN","NaN","NaN","1","1"
"GO:0050829","defense response to Gram-negative bacterium","0","0","0","NaN","NaN","NaN","1","1"
"GO:0001503","ossification","0","0","0","NaN","NaN","NaN","1","1"
"GO:0009887","animal organ morphogenesis","0","0","0","NaN","NaN","NaN","1","1"
"GO:0030282","bone mineralization","0","0","0","NaN","NaN","NaN","1","1"
"GO:0009617","response to bacterium","0","0","0","NaN","NaN","NaN","1","1"
"GO:0045669","positive regulation of osteoblast differentiation","0","0","0","NaN","NaN","NaN","1","1"
"GO:0051216","cartilage development","0","0","0","NaN","NaN","NaN","1","1"
"GO:0060348","bone development","0","0","0","NaN","NaN","NaN","1","1"
"GO:0071363","cellular response to growth factor stimulus","0","0","0","NaN","NaN","NaN","1","1"
"GO:0050890","cognition","0","0","0","NaN","NaN","NaN","1","1"
"GO:0120162","positive regulation of cold-induced thermogenesis","0","0","0","NaN","NaN","NaN","1","1"
"GO:0050830","defense response to Gram-positive bacterium","0","0","0","NaN","NaN","NaN","1","1"
"GO:0021987","cerebral cortex development","0","0","0","NaN","NaN","NaN","1","1"
"GO:0022008","neurogenesis","0","0","0","NaN","NaN","NaN","1","1"
"GO:0006909","phagocytosis","0","0","0","NaN","NaN","NaN","1","1"
"GO:0032720","negative regulation of tumor necrosis factor production","0","0","0","NaN","NaN","NaN","1","1"
"GO:0071466","cellular response to xenobiotic stimulus","0","0","0","NaN","NaN","NaN","1","1"
"GO:0007417","central nervous system development","0","0","0","NaN","NaN","NaN","1","1"
"GO:0042552","myelination","0","0","0","NaN","NaN","NaN","1","1"
"GO:0032755","positive regulation of interleukin-6 production","0","0","0","NaN","NaN","NaN","1","1"
"GO:0021766","hippocampus development","0","0","0","NaN","NaN","NaN","1","1"
"GO:0060041","retina development in camera-type eye","0","0","0","NaN","NaN","NaN","1","1"
"GO:0016236","macroautophagy","0","0","0","NaN","NaN","NaN","1","1"
"GO:0032543","mitochondrial translation","0","0","0","NaN","NaN","NaN","1","1"
"GO:0007613","memory","0","0","0","NaN","NaN","NaN","1","1"
"GO:0050729","positive regulation of inflammatory response","0","0","0","NaN","NaN","NaN","1","1"
"GO:0007411","axon guidance","0","0","0","NaN","NaN","NaN","1","1"
"GO:0032729","positive regulation of type II interferon production","0","0","0","NaN","NaN","NaN","1","1"
"GO:0030336","negative regulation of cell migration","0","0","0","NaN","NaN","NaN","1","1"
"GO:0010506","regulation of autophagy","0","0","0","NaN","NaN","NaN","1","1"
"GO:0001938","positive regulation of endothelial cell proliferation","0","0","0","NaN","NaN","NaN","1","1"
"GO:0046330","positive regulation of JNK cascade","0","0","0","NaN","NaN","NaN","1","1"
"GO:0071346","cellular response to type II interferon","0","0","0","NaN","NaN","NaN","1","1"
"GO:0006986","response to unfolded protein","0","0","0","NaN","NaN","NaN","1","1"
"GO:0050680","negative regulation of epithelial cell proliferation","0","0","0","NaN","NaN","NaN","1","1"
"GO:0001819","positive regulation of cytokine production","0","0","0","NaN","NaN","NaN","1","1"
"GO:0007623","circadian rhythm","0","0","0","NaN","NaN","NaN","1","1"
"GO:0048511","rhythmic process","0","0","0","NaN","NaN","NaN","1","1"
"GO:0032922","circadian regulation of gene expression","0","0","0","NaN","NaN","NaN","1","1"
"GO:0002931","response to ischemia","0","0","0","NaN","NaN","NaN","1","1"
"GO:0007565","female pregnancy","0","0","0","NaN","NaN","NaN","1","1"
"GO:0032088","negative regulation of NF-kappaB transcription factor activity","0","0","0","NaN","NaN","NaN","1","1"
"GO:0097190","apoptotic signaling pathway","0","0","0","NaN","NaN","NaN","1","1"
"GO:0007611","learning or memory","0","0","0","NaN","NaN","NaN","1","1"
"GO:0042632","cholesterol homeostasis","0","0","0","NaN","NaN","NaN","1","1"
"GO:0007224","smoothened signaling pathway","0","0","0","NaN","NaN","NaN","1","1"
"GO:0043433","negative regulation of DNA-binding transcription factor activity","0","0","0","NaN","NaN","NaN","1","1"
"GO:0070301","cellular response to hydrogen peroxide","0","0","0","NaN","NaN","NaN","1","1"
"GO:0031667","response to nutrient levels","0","0","0","NaN","NaN","NaN","1","1"
"GO:0001947","heart looping","0","0","0","NaN","NaN","NaN","1","1"
"GO:0001570","vasculogenesis","0","0","0","NaN","NaN","NaN","1","1"
"GO:0032760","positive regulation of tumor necrosis factor production","0","0","0","NaN","NaN","NaN","1","1"
"GO:0006919","activation of cysteine-type endopeptidase activity involved in apoptotic process","0","0","0","NaN","NaN","NaN","1","1"
"GO:0001843","neural tube closure","0","0","0","NaN","NaN","NaN","1","1"
"GO:0030308","negative regulation of cell growth","0","0","0","NaN","NaN","NaN","1","1"
"GO:0048666","neuron development","0","0","0","NaN","NaN","NaN","1","1"
"GO:0006457","protein folding","0","0","0","NaN","NaN","NaN","1","1"
"GO:0042147","retrograde transport, endosome to Golgi","0","0","0","NaN","NaN","NaN","1","1"
"GO:0007519","skeletal muscle tissue development","0","0","0","NaN","NaN","NaN","1","1"
"GO:0000724","double-strand break repair via homologous recombination","0","0","0","NaN","NaN","NaN","1","1"
"GO:0000281","mitotic cytokinesis","0","0","0","NaN","NaN","NaN","1","1"
"GO:0051028","mRNA transport","0","0","0","NaN","NaN","NaN","1","1"
"GO:0001889","liver development","0","0","0","NaN","NaN","NaN","1","1"
"GO:0050673","epithelial cell proliferation","0","0","0","NaN","NaN","NaN","1","1"
"GO:0051384","response to glucocorticoid","0","0","0","NaN","NaN","NaN","1","1"
"GO:0006898","receptor-mediated endocytosis","0","0","0","NaN","NaN","NaN","1","1"
"GO:0006310","DNA recombination","0","0","0","NaN","NaN","NaN","1","1"
"GO:0051649","establishment of localization in cell","0","0","0","NaN","NaN","NaN","1","1"
"GO:0042060","wound healing","0","0","0","NaN","NaN","NaN","1","1"
"GO:0007346","regulation of mitotic cell cycle","0","0","0","NaN","NaN","NaN","1","1"
"GO:0006282","regulation of DNA repair","0","0","0","NaN","NaN","NaN","1","1"
"GO:0071260","cellular response to mechanical stimulus","0","0","0","NaN","NaN","NaN","1","1"
"GO:0043124","negative regulation of canonical NF-kappaB signal transduction","0","0","0","NaN","NaN","NaN","1","1"
"GO:0050679","positive regulation of epithelial cell proliferation","0","0","0","NaN","NaN","NaN","1","1"
"GO:0007368","determination of left/right symmetry","0","0","0","NaN","NaN","NaN","1","1"
"GO:0009611","response to wounding","0","0","0","NaN","NaN","NaN","1","1"
"GO:0050727","regulation of inflammatory response","0","0","0","NaN","NaN","NaN","1","1"
"GO:0071222","cellular response to lipopolysaccharide","0","0","0","NaN","NaN","NaN","1","1"
"GO:0032436","positive regulation of proteasomal ubiquitin-dependent protein catabolic process","0","0","0","NaN","NaN","NaN","1","1"
"GO:0031398","positive regulation of protein ubiquitination","0","0","0","NaN","NaN","NaN","1","1"
"GO:0003007","heart morphogenesis","0","0","0","NaN","NaN","NaN","1","1"
"GO:0048167","regulation of synaptic plasticity","0","0","0","NaN","NaN","NaN","1","1"
"GO:0008203","cholesterol metabolic process","0","0","0","NaN","NaN","NaN","1","1"
"GO:0019722","calcium-mediated signaling","0","0","0","NaN","NaN","NaN","1","1"
"GO:0002244","hematopoietic progenitor cell differentiation","0","0","0","NaN","NaN","NaN","1","1"
"GO:0006879","intracellular iron ion homeostasis","0","0","0","NaN","NaN","NaN","1","1"
"GO:0042110","T cell activation","0","0","0","NaN","NaN","NaN","1","1"
"GO:0032757","positive regulation of interleukin-8 production","0","0","0","NaN","NaN","NaN","1","1"
"GO:0014823","response to activity","0","0","0","NaN","NaN","NaN","1","1"
"GO:0001558","regulation of cell growth","0","0","0","NaN","NaN","NaN","1","1"
"GO:0009615","response to virus","0","0","0","NaN","NaN","NaN","1","1"
"GO:0060021","roof of mouth development","0","0","0","NaN","NaN","NaN","1","1"
"GO:0034644","cellular response to UV","0","0","0","NaN","NaN","NaN","1","1"
"GO:0045665","negative regulation of neuron differentiation","0","0","0","NaN","NaN","NaN","1","1"
