"","MLSP 569"
"phosphatidylinositol 3-kinase/protein kinase B signal transduction",4.27607657983941e-53
"neuron apoptotic process",3.76041399197707e-52
"negative regulation of neuron apoptotic process",9.38695153253188e-43
"protein phosphorylation",1.56730863304028e-42
"positive regulation of fibroblast proliferation",4.02544715359112e-42
"T cell costimulation",1.33331981032545e-38
"protein modification process",5.76861258859602e-37
"positive regulation of MAP kinase activity",5.76861258859602e-37
"release of cytochrome c from mitochondria",1.14074420093659e-36
"peptidyl-tyrosine phosphorylation",2.72717962376123e-36
"cellular response to transforming growth factor beta stimulus",2.58083030250024e-34
"regulation of cell population proliferation",5.6604084605456e-34
"positive regulation of protein import into nucleus",3.30501763251471e-31
"phosphatidylinositol-3-phosphate biosynthetic process",6.04956678388215e-31
"negative regulation of gene expression",5.4823052339677e-30
"cellular response to mechanical stimulus",4.07519685763804e-29
"phospholipase C-activating G protein-coupled receptor signaling pathway",7.60699876111372e-29
"regulation of primary metabolic process",5.35179595531012e-28
"positive regulation of transcription by RNA polymerase II",1.02870411655703e-26
"MAPK cascade",1.3448647672781e-26
"epidermal growth factor receptor signaling pathway",1.37454132218301e-26
"positive regulation of cytosolic calcium ion concentration",1.84423246375368e-26
"positive regulation of ERK1 and ERK2 cascade",2.86989178471806e-25
"positive regulation of interleukin-2 production",2.87108560902775e-25
"positive regulation of miRNA transcription",3.70738585466972e-25
"cell population proliferation",1.36225955443111e-24
"cellular senescence",3.46177643633408e-24
"lactation",6.71535461572393e-24
"positive regulation of endothelial cell migration",1.82164313609966e-23
"cell surface receptor protein tyrosine kinase signaling pathway",4.34038711392803e-23
"T cell receptor signaling pathway",9.80358821113353e-23
"T cell differentiation",1.24883559122206e-22
"intracellular signal transduction",2.11152827903282e-22
"positive regulation of cell population proliferation",2.85445789918626e-22
"positive regulation of cell migration",3.63076084742046e-22
"negative regulation of G1/S transition of mitotic cell cycle",4.188161553306e-22
"cell surface receptor signaling pathway",9.41697564030164e-22
"positive regulation of reactive oxygen species metabolic process",5.65670095433817e-21
"regulation of cell cycle",7.99363945970867e-21
"response to lipopolysaccharide",4.26745919805576e-20
"positive regulation of blood vessel endothelial cell migration",5.4164912198598e-20
"response to estradiol",5.62217155041865e-20
"intrinsic apoptotic signaling pathway in response to DNA damage",1.38220606761395e-19
"Ras protein signal transduction",1.47196735875001e-18
"cellular response to insulin stimulus",1.81364918561242e-18
"insulin receptor signaling pathway",2.02658950397952e-18
"positive regulation of peptidyl-tyrosine phosphorylation",2.05999850138924e-18
"negative regulation of apoptotic process",3.88116054320038e-18
"cellular response to hypoxia",6.47783749965213e-18
"positive regulation of wound healing",1.34216981404493e-17
"regulation of autophagy",2.45994732666883e-17
"positive regulation of epithelial cell proliferation",1.29244230803355e-16
"positive regulation of nitric oxide biosynthetic process",1.3580736513084e-16
"vascular endothelial growth factor receptor signaling pathway",2.34161732482201e-16
"cellular response to hydrogen peroxide",3.27663480829848e-16
"intrinsic apoptotic signaling pathway in response to endoplasmic reticulum stress",3.38594447109348e-16
"response to xenobiotic stimulus",3.62339087167278e-16
"B cell differentiation",3.85539778834024e-16
"negative regulation of DNA-binding transcription factor activity",5.29998002703219e-16
"negative regulation of cell population proliferation",9.88335829765431e-16
"extrinsic apoptotic signaling pathway in absence of ligand",1.19684351946334e-15
"signal transduction",3.48230873245976e-15
"cellular response to xenobiotic stimulus",6.3224165169768e-15
"intrinsic apoptotic signaling pathway",6.9920852723711e-15
"telomere maintenance via telomerase",9.35449107575961e-15
"positive regulation of DNA-templated transcription",1.73987703051676e-14
"apoptotic process",2.39189633554115e-14
"cellular response to glucose starvation",2.70456219716339e-14
"cellular response to growth factor stimulus",5.33515505501833e-14
"positive regulation of smooth muscle cell proliferation",5.33515505501833e-14
"response to stress",6.26102100421168e-14
"positive regulation of DNA-binding transcription factor activity",6.27520992595058e-14
"positive regulation of GTPase activity",1.36432171283861e-13
"male gonad development",3.67599893080839e-13
"cellular response to glucose stimulus",5.14059910034035e-13
"phosphorylation",6.9183604254354e-13
"positive regulation of endothelial cell proliferation",7.39922091373167e-13
"protein autophosphorylation",8.24559043011308e-13
"rhythmic process",8.24559043011308e-13
"liver development",1.26228322286609e-12
"inflammatory response",2.23471526103188e-12
"negative regulation of endothelial cell proliferation",2.27160072896591e-12
"positive regulation of epithelial to mesenchymal transition",2.93944598316079e-12
"positive regulation of NF-kappaB transcription factor activity",2.93978057940373e-12
"positive regulation of intrinsic apoptotic signaling pathway",3.09426403411166e-12
"chaperone-mediated protein complex assembly",5.15191549227264e-12
"negative regulation of apoptotic signaling pathway",6.5686220666119e-12
"positive regulation of protein phosphorylation",1.45756005040125e-11
"circadian rhythm",1.91248349707881e-11
"regulation of cell adhesion",2.23200913176338e-11
"B cell receptor signaling pathway",2.50399294371153e-11
"positive regulation of neuron projection development",4.13464904181472e-11
"positive regulation of peptidyl-serine phosphorylation",4.82494275774957e-11
"female pregnancy",7.25260750673982e-11
"xenobiotic metabolic process",9.35983554839284e-11
"positive regulation of neuron apoptotic process",1.31578225635393e-10
"learning or memory",1.41022454360373e-10
"positive regulation of protein targeting to membrane",1.5014673600013e-10
"phagocytosis",1.52318414170206e-10
"regulation of mitochondrial membrane potential",1.91114188368809e-10
"heterochromatin formation",1.9710528875418e-10
"positive regulation of phosphatidylinositol 3-kinase/protein kinase B signal transduction",2.12430524513763e-10
"regulation of actin cytoskeleton organization",2.28302336578863e-10
"positive regulation of interleukin-10 production",2.43173929727604e-10
"negative regulation of inflammatory response",3.05326840436339e-10
"positive regulation of protein localization to nucleus",3.83277649449815e-10
"regulation of apoptotic process",3.88705406395391e-10
"negative regulation of neuron projection development",4.68442104738643e-10
"response to oxidative stress",1.39340107052255e-09
"positive regulation of gene expression",1.40290102065667e-09
"T cell activation",1.46759192445797e-09
"chromatin remodeling",1.75733104197294e-09
"circadian regulation of gene expression",1.81741705955659e-09
"G1/S transition of mitotic cell cycle",3.96067263769167e-09
"modulation of chemical synaptic transmission",4.29240871469659e-09
"negative regulation of cell growth",6.85453019002869e-09
"response to hypoxia",7.04980892734752e-09
"negative regulation of protein catabolic process",7.74814195451891e-09
"cellular response to retinoic acid",9.3379443284223e-09
"positive regulation of MAPK cascade",1.27888703385928e-08
"establishment of localization in cell",1.54662305241796e-08
"release of sequestered calcium ion into cytosol",1.77467525226173e-08
"cell migration",2.28414461052056e-08
"positive regulation of apoptotic process",2.35995611366465e-08
"negative regulation of miRNA transcription",2.60393196474918e-08
"animal organ morphogenesis",2.68513546085814e-08
"peptidyl-serine phosphorylation",3.11909309178001e-08
"negative regulation of protein phosphorylation",3.76161591628295e-08
"extrinsic apoptotic signaling pathway",4.09183555568284e-08
"positive regulation of angiogenesis",4.22982922168396e-08
"phosphatidylinositol phosphate biosynthetic process",4.34527916016204e-08
"cellular response to UV",4.59540338555992e-08
"skeletal system development",5.67368745494042e-08
"cellular response to hormone stimulus",5.83798282002922e-08
"gene expression",1.81720484958206e-07
"negative regulation of fat cell differentiation",2.72314170325919e-07
"neuron differentiation",3.29672458740157e-07
"positive regulation of canonical NF-kappaB signal transduction",3.54360808559067e-07
"negative regulation of autophagy",4.0852472348452e-07
"cellular response to ionizing radiation",4.34703279693888e-07
"negative regulation of extrinsic apoptotic signaling pathway in absence of ligand",4.53345461566203e-07
"nervous system development",5.11235442431576e-07
"response to peptide hormone",5.11235442431576e-07
"cellular response to virus",5.35471994869636e-07
"response to estrogen",6.97325421660225e-07
"positive regulation of stem cell population maintenance",7.41242003345166e-07
"protein stabilization",7.76077652297112e-07
"post-embryonic development",9.13474176884803e-07
"response to organic cyclic compound",9.35142147033849e-07
"regulation of gene expression",1.00721441973298e-06
"B cell proliferation",1.05444782234918e-06
"response to wounding",1.12924848062063e-06
"natural killer cell activation",1.17029643713345e-06
"intracellular calcium ion homeostasis",1.29304003267938e-06
"cellular response to amino acid stimulus",1.63267702513397e-06
"cellular response to heat",2.09559067693477e-06
"DNA damage response",2.14840667162721e-06
"positive regulation of stress fiber assembly",2.95070596878405e-06
"sphingolipid biosynthetic process",4.13279038176924e-06
"positive regulation of protein-containing complex assembly",4.27848076141136e-06
"transcription by RNA polymerase II",4.45449272855909e-06
"response to unfolded protein",4.62141492418865e-06
"response to ischemia",4.83223158262263e-06
"negative regulation of transcription by RNA polymerase II",5.10961554540957e-06
"hippocampus development",5.7210114755795e-06
"chemotaxis",7.92722886578832e-06
"neuron projection morphogenesis",8.8959035751339e-06
"positive regulation of type II interferon production",1.12462175920771e-05
"positive regulation of protein localization to plasma membrane",1.19075692170448e-05
"activation of cysteine-type endopeptidase activity involved in apoptotic process",1.23053319517419e-05
"cerebral cortex development",1.26759682915139e-05
"neuron projection development",1.32642529167109e-05
"blood coagulation",1.66712503981611e-05
"heart development",2.18605792763682e-05
"positive regulation of cell adhesion",2.36769309791919e-05
"negative regulation of phosphatidylinositol 3-kinase/protein kinase B signal transduction",2.61138827188117e-05
"myelination",2.72805884054807e-05
"calcium-mediated signaling",2.86295118634257e-05
"canonical Wnt signaling pathway",3.18982419148514e-05
"negative regulation of transforming growth factor beta receptor signaling pathway",3.32799285248424e-05
"immune response",3.4024511565651e-05
"positive regulation of interleukin-8 production",3.42909943630081e-05
"positive regulation of inflammatory response",3.43987169244525e-05
"platelet activation",3.54278558339907e-05
"regulation of protein localization",4.42121749495087e-05
"neuron migration",4.71204963644088e-05
"ossification",4.87808814039741e-05
"retinol metabolic process",5.01044356762834e-05
"regulation of mitotic cell cycle",5.17799425054981e-05
"negative regulation of canonical Wnt signaling pathway",8.39022847560368e-05
"transport across blood-brain barrier",8.9392795782726e-05
"negative regulation of cell migration",9.46105554511048e-05
"regulation of DNA-templated transcription",0.000107296297082106
"lipid metabolic process",0.000146829212412573
"cell adhesion",0.000164080173837276
"transforming growth factor beta receptor signaling pathway",0.000238540337217199
"cell communication",0.000244954312916425
"response to endoplasmic reticulum stress",0.000259109341621901
"signaling",0.000264009373583623
"calcium ion transmembrane transport",0.000267686118249084
"negative regulation of angiogenesis",0.000297184857990631
"cell differentiation",0.00030407529877241
"integrin-mediated signaling pathway",0.000315026293119648
"response to toxic substance",0.000322249812982927
"positive regulation of JNK cascade",0.000334748231457945
"positive regulation of cytokine production",0.000393940675927812
"regulation of transcription by RNA polymerase II",0.000438065716917523
"positive regulation of canonical Wnt signaling pathway",0.000441787113468654
"central nervous system development",0.000441787113468654
"positive regulation of cell growth",0.000528426919097402
"in utero embryonic development",0.000621364184740562
"negative regulation of DNA-templated transcription",0.000628549182693531
"regulation of inflammatory response",0.000723972959601968
"cell morphogenesis",0.000822612212337652
"axon guidance",0.00107533154486514
"cellular response to type II interferon",0.00107533154486514
"chromatin organization",0.00133070408069017
"cellular response to tumor necrosis factor",0.00187453452269402
"mitochondrion organization",0.00345185482877438
"angiogenesis",0.00401027535518827
"actin filament organization",0.00408992410699907
"adenylate cyclase-activating G protein-coupled receptor signaling pathway",0.0043497698447178
"lipid transport",0.00503259919055688
"kidney development",0.00554717125062408
"mitotic cell cycle",0.00610207888074901
"calcium ion transport",0.00675550135830613
"positive regulation of tumor necrosis factor production",0.00798325079886396
"actin cytoskeleton organization",0.0118576529805862
"transmembrane transport",0.0175867566544051
"G protein-coupled receptor signaling pathway",0.0184704516374488
"protein-containing complex assembly",0.0222706024044624
"nucleosome assembly",0.0238876951474101
"cellular response to lipopolysaccharide",0.0304539841671338
"monoatomic ion transport",0.0316814357458435
"cytoskeleton organization",0.0345436127657892
"cell-cell adhesion",0.0382385544851381
"endocytosis",0.0458912474936704
