"","MLSP 302"
"immune response-regulating signaling pathway",9.96865141096503e-244
"immune response",1.78718925010692e-84
"antigen processing and presentation of peptide or polysaccharide antigen via MHC class II",5.11333554008666e-46
"peptide antigen assembly with MHC class II protein complex",3.41173100084582e-38
"antigen processing and presentation of exogenous peptide antigen via MHC class II",3.63810892747264e-36
"adaptive immune response",9.47609007025081e-35
"positive regulation of T cell activation",3.14259272933348e-29
"positive regulation of immune response",3.51287621979457e-29
"signaling",2.63500328391027e-28
"antimicrobial humoral immune response mediated by antimicrobial peptide",2.14759334127938e-21
"antigen processing and presentation",2.45274925067534e-21
"cellular defense response",2.35031960062225e-19
"cell surface receptor signaling pathway",1.64582218265218e-16
"chemokine-mediated signaling pathway",1.22552567533003e-15
"antigen processing and presentation of endogenous peptide antigen via MHC class I",2.0299565185755e-15
"complement activation",1.38778033894615e-13
"cell communication",5.79059881488031e-12
"spliceosomal tri-snRNP complex assembly",2.78725566307534e-10
"positive regulation of interleukin-6 production",9.85916827868363e-10
"positive regulation of interleukin-1 beta production",1.00251158097952e-09
"immune system process",5.53193836888999e-09
"positive regulation of cellular senescence",7.28250566045457e-09
"microglial cell activation",1.25732752288972e-08
"phospholipid metabolic process",2.27331029796185e-08
"negative regulation of miRNA transcription",1.05029599524732e-07
"positive regulation of cell migration",2.10270698145624e-07
"positive regulation of non-canonical NF-kappaB signal transduction",2.28068080783458e-07
"chemotaxis",3.39254670815773e-07
"positive regulation of T cell proliferation",3.72601194193319e-07
"complement activation, classical pathway",1.82954923796434e-06
"positive regulation of chemokine production",2.31205250462387e-06
"regulation of stem cell population maintenance",3.43838438435125e-06
"mismatch repair",3.96375739345989e-06
"positive regulation of natural killer cell cytokine production",5.35063103526342e-06
"cell-cell signaling",5.76064543782599e-06
"cellular response to type II interferon",5.76064543782599e-06
"negative regulation of natural killer cell mediated cytotoxicity",5.76064543782599e-06
"tRNA aminoacylation for protein translation",6.07768293361331e-06
"negative regulation of tumor necrosis factor production",6.93153404690072e-06
"positive regulation of extrinsic apoptotic signaling pathway",6.96034586889989e-06
"astrocyte activation",1.72492182682091e-05
"positive regulation of inflammatory response",2.96673124010136e-05
"cell chemotaxis",3.15772703147909e-05
"natural killer cell activation",3.57022991219251e-05
"inflammatory response",3.67391820239116e-05
"positive regulation of interleukin-12 production",6.89083598203334e-05
"regulation of multicellular organismal process",9.34981849583906e-05
"collagen-activated tyrosine kinase receptor signaling pathway",0.000115955331225823
"positive chemotaxis",0.000118428352740167
"phosphatidylinositol acyl-chain remodeling",0.000150939676366292
"suppression of viral release by host",0.000200802143216878
"regulation of DNA replication",0.000249273637766154
"cognition",0.000249273637766154
"positive regulation of DNA-binding transcription factor activity",0.000283559202208167
"positive regulation of cytokine production",0.000295191817742321
"nuclear-transcribed mRNA poly(A) tail shortening",0.000359891915152058
"choline transport",0.000365204314094817
"regulation of embryonic development",0.000404612659621535
"cellular response to amyloid-beta",0.000404612659621535
"positive regulation of smooth muscle cell proliferation",0.000550135513421569
"osteoclast differentiation",0.000610598171646585
"tRNA splicing, via endonucleolytic cleavage and ligation",0.000610598171646585
"positive regulation of cytokine production involved in inflammatory response",0.000873687197713441
"defense response",0.000954053171835012
"regulation of postsynaptic membrane potential",0.00109704328954001
"positive regulation of cysteine-type endopeptidase activity involved in apoptotic process",0.0013026012492956
"positive regulation of protein phosphorylation",0.0013317254906266
"positive regulation of nitric oxide biosynthetic process",0.00169624704201911
"zinc ion transport",0.00194373028211751
"phosphatidylinositol biosynthetic process",0.0020759966272524
"zinc ion transmembrane transport",0.00214781531195614
"neuron development",0.00289888559383776
"proteolysis involved in protein catabolic process",0.00358598531336744
"spliceosomal complex assembly",0.00482061043643853
"retinoic acid receptor signaling pathway",0.00522097728938486
"mitochondrial electron transport, NADH to ubiquinone",0.00573853320813379
"extrinsic apoptotic signaling pathway via death domain receptors",0.00704485027968246
"learning or memory",0.00716889078926193
"megakaryocyte development",0.00757647785116616
"immune response-activating cell surface receptor signaling pathway",0.00758739821814404
"gamma-aminobutyric acid signaling pathway",0.00834655994784161
"innate immune response",0.00854913679857178
"biological_process",0.0123219476578355
"peptidyl-threonine phosphorylation",0.0123219476578355
"transcription initiation at RNA polymerase II promoter",0.0126239439575345
"positive regulation of tumor necrosis factor production",0.0130084610480033
"platelet formation",0.0137301673664262
"extrinsic apoptotic signaling pathway",0.0171391912045266
"mitochondrial respiratory chain complex I assembly",0.0173802248402619
"RNA polymerase II preinitiation complex assembly",0.0180308511296143
"negative regulation of signal transduction",0.019864200601834
"cellular response to lipopolysaccharide",0.0200716213869874
"antiviral innate immune response",0.0201047950125578
"cellular response to tumor necrosis factor",0.0201334463110965
"phospholipid biosynthetic process",0.0201334463110965
"positive regulation of p38MAPK cascade",0.0213548741417166
"regulation of presynaptic membrane potential",0.0213548741417166
"eye development",0.0220415254205614
"protein K63-linked ubiquitination",0.0223734615555072
"protein localization to cell surface",0.0272546626705033
"regulation of inflammatory response",0.0287846657554543
"positive regulation of activated T cell proliferation",0.0299227718974395
"synaptic transmission, GABAergic",0.030510513888925
"phosphatidylcholine biosynthetic process",0.0309218897570965
"negative regulation of viral entry into host cell",0.0334464249150608
"negative regulation of proteasomal ubiquitin-dependent protein catabolic process",0.0344724590013093
"nucleotide-excision repair",0.0357292748946683
"phagocytosis, engulfment",0.0372200068625975
"tRNA processing",0.0375114678852697
"positive regulation of SMAD protein signal transduction",0.038639523833271
"positive regulation of telomere maintenance",0.0391909864767122
"response to bacterium",0.0419755923720202
"positive regulation of neuron apoptotic process",0.042705544945284
"positive regulation of tyrosine phosphorylation of STAT protein",0.045141664130082
"blood coagulation",0.0456320984588312
"hormone-mediated signaling pathway",0.0491781227007368
"intracellular zinc ion homeostasis",0.049496063595531
