"","MLSP 160"
"positive regulation of regulatory T cell differentiation",1.50508359456484e-188
"positive regulation of cellular senescence",3.85629909325607e-158
"positive regulation of interleukin-12 production",1.06753506583964e-133
"negative regulation of T cell proliferation",9.68835418531472e-106
"negative regulation of phosphatidylinositol 3-kinase/protein kinase B signal transduction",1.07288675595694e-95
"antigen processing and presentation of endogenous peptide antigen via MHC class Ib",8.55128160282148e-91
"antigen processing and presentation of endogenous peptide antigen via MHC class I via ER pathway, TAP-independent",8.55128160282148e-91
"positive regulation of natural killer cell cytokine production",5.26566350802804e-82
"positive regulation of T cell mediated cytotoxicity",2.78411901734987e-77
"negative regulation of angiogenesis",1.29197877610847e-75
"negative regulation of natural killer cell mediated cytotoxicity",1.19113210237014e-71
"complement activation, classical pathway",2.44143591233454e-63
"complement activation",8.31059913015813e-61
"cellular defense response",1.82482545804765e-44
"positive regulation of phagocytosis",5.45613402168668e-21
"immune response",3.71430649045925e-12
"inflammatory response",1.59257488317774e-08
"antigen processing and presentation of exogenous peptide antigen via MHC class II",1.92772599641429e-08
"positive regulation of tumor necrosis factor production",2.65038142323844e-06
"innate immune response",9.36255095515161e-06
"fatty acid metabolic process",1.52409554229908e-05
"defense response to bacterium",1.94983993225412e-05
