"","MLSP 231"
"extrinsic apoptotic signaling pathway in absence of ligand",0
"release of cytochrome c from mitochondria",0
"positive regulation of release of cytochrome c from mitochondria",5.03459342692889e-305
"intrinsic apoptotic signaling pathway",1.0018981280143e-284
"intrinsic apoptotic signaling pathway in response to DNA damage",8.7310220967993e-274
"regulation of apoptotic process",5.53381513440015e-182
"response to stress",8.10684298275558e-161
"execution phase of apoptosis",6.08695252683213e-147
"mitochondrial fusion",3.66461502264019e-134
"neuron apoptotic process",2.89823405344625e-116
"positive regulation of neuron apoptotic process",2.20550964589928e-111
"apoptotic process",2.00004196538531e-109
"calcium ion transport into cytosol",9.93930265251642e-106
"regulation of mitochondrial membrane potential",4.92332327242538e-80
"positive regulation of apoptotic process",8.29455808417021e-77
"intrinsic apoptotic signaling pathway in response to endoplasmic reticulum stress",4.86596468889478e-72
"endoplasmic reticulum calcium ion homeostasis",1.55784265035186e-70
"extrinsic apoptotic signaling pathway via death domain receptors",3.85916662014177e-67
"negative regulation of extrinsic apoptotic signaling pathway in absence of ligand",1.48929283262454e-52
"apoptotic signaling pathway",4.72409588144128e-49
"tumor necrosis factor-mediated signaling pathway",1.34640267030928e-43
"positive regulation of protein-containing complex assembly",6.89223191112651e-43
"negative regulation of apoptotic process",4.66859357735758e-39
"male gonad development",2.03910626302965e-37
"cellular response to glucose starvation",3.96061441519912e-37
"cellular response to UV",5.02321199724057e-35
"response to UV",6.04684102711869e-34
"extrinsic apoptotic signaling pathway",2.04895687427796e-32
"response to cytokine",1.98850035795316e-30
"negative regulation of apoptotic signaling pathway",2.11342009096102e-29
"positive regulation of extrinsic apoptotic signaling pathway",2.55482740726669e-29
"negative regulation of autophagy",1.06069458085652e-28
"cellular response to hypoxia",2.74515323773764e-27
"response to ischemia",1.07497820586899e-25
"regulation of cell cycle",9.68017980484591e-25
"activation of cysteine-type endopeptidase activity involved in apoptotic process",3.70899204676492e-23
"regulation of protein stability",2.9014599866942e-19
"signaling",1.44475960510365e-18
"positive regulation of canonical NF-kappaB signal transduction",4.73469881845065e-17
"response to organic cyclic compound",5.82809714938979e-17
"negative regulation of neuron apoptotic process",8.53740255963341e-15
"establishment of localization in cell",6.827367964042e-14
"DNA damage response",1.62734500485447e-12
"response to xenobiotic stimulus",2.46726900171912e-12
"defense response to virus",3.86814732244718e-12
"autophagy",2.62461054056511e-11
"cell communication",6.68346894301654e-11
"response to hypoxia",9.44883442480488e-11
"spermatogenesis",1.80216609977608e-09
"heart development",1.93213766081667e-09
"cell population proliferation",6.24096718187794e-09
"negative regulation of cell population proliferation",6.55074733433232e-07
"negative regulation of gene expression",1.61556781940046e-05
"negative regulation of transcription by RNA polymerase II",0.0359958315591383
"positive regulation of DNA-templated transcription",0.040494739034464
