"","MLSP 419"
"positive regulation of neuron apoptotic process",9.98804868808881e-17
"cell division",2.9904814842144e-16
"mitotic spindle assembly checkpoint signaling",2.15553333717243e-15
"interstrand cross-link repair",2.15553333717243e-15
"pyroptosis",5.90380777958776e-13
"chromosome segregation",5.17740302604776e-12
"positive regulation of canonical NF-kappaB signal transduction",1.40046537942451e-11
"replication fork processing",1.23111917136419e-10
"defense response to virus",5.44959698830972e-10
"cellular response to ionizing radiation",2.92515720138827e-09
"DNA repair",3.34619240569535e-09
"mitotic cell cycle",6.13963423864491e-09
"G2/M transition of mitotic cell cycle",1.85941734543847e-08
"DNA damage checkpoint signaling",2.37500974228167e-08
"positive regulation of defense response to virus by host",3.07384397768028e-08
"cellular response to mechanical stimulus",5.12206950033798e-08
"intrinsic apoptotic signaling pathway in response to DNA damage by p53 class mediator",5.12206950033798e-08
"mitotic spindle organization",9.01087861273083e-08
"positive regulation of release of cytochrome c from mitochondria",9.80380224846473e-08
"DNA damage response",3.31601197572595e-07
"innate immune response",4.16718626229251e-07
"positive regulation of actin filament polymerization",1.79185098871579e-06
"chromosome organization",3.91684788353457e-06
"response to stress",4.24710159282944e-06
"mitotic spindle assembly",4.41181108466151e-06
"intrinsic apoptotic signaling pathway in response to DNA damage",1.15993975066568e-05
"positive regulation of extrinsic apoptotic signaling pathway",2.10825342801118e-05
"positive regulation of DNA-binding transcription factor activity",2.35476092505684e-05
"positive regulation of cysteine-type endopeptidase activity involved in apoptotic process",3.60434962682787e-05
"extrinsic apoptotic signaling pathway",3.60434962682787e-05
"cellular response to virus",6.39427508087674e-05
"double-strand break repair via homologous recombination",7.63346842036975e-05
"regulation of protein localization",0.000119384362373773
"positive regulation of NF-kappaB transcription factor activity",0.000179872374995776
"intrinsic apoptotic signaling pathway in response to endoplasmic reticulum stress",0.000216494449863458
"programmed cell death",0.000269455844491911
"cellular response to lipopolysaccharide",0.000363683553420355
"cellular response to UV",0.000454691710276801
"double-strand break repair",0.000525157644596503
"intrinsic apoptotic signaling pathway",0.000536234099569975
"positive regulation of type I interferon production",0.000658735712477137
"nucleotide-excision repair",0.000796023739125582
"regulation of apoptotic process",0.000896018362156805
"positive regulation of inflammatory response",0.000896018362156805
"apoptotic process",0.000977304193756508
"mitotic cytokinesis",0.00117888767839261
"positive regulation of interleukin-1 beta production",0.00117888767839261
"extrinsic apoptotic signaling pathway via death domain receptors",0.00163523970900023
"positive regulation of interleukin-8 production",0.00209007228438376
"Ras protein signal transduction",0.00209886778676465
"regulation of cell population proliferation",0.00219843970366333
"regulation of inflammatory response",0.00235256094716945
"protein maturation",0.00278087046031211
"G1/S transition of mitotic cell cycle",0.00283789439021164
"response to ionizing radiation",0.00358664701559038
"neural tube closure",0.00376099547083196
"meiotic cell cycle",0.00414686176909286
"tumor necrosis factor-mediated signaling pathway",0.0055289616846275
"anatomical structure morphogenesis",0.0142638926566215
"negative regulation of canonical NF-kappaB signal transduction",0.0142638926566215
"response to estradiol",0.0189905306767157
"positive regulation of apoptotic process",0.0246904188484008
"cellular response to hydrogen peroxide",0.0363643147420355
"microtubule-based movement",0.0371540335445987
"positive regulation of DNA-templated transcription",0.0417857684612461
"DNA recombination",0.0427171420568071
"response to bacterium",0.0495260894066746
"hemopoiesis",0.0496625348475091
