"","MLSP 185"
"DNA repair",0
"nucleotide-excision repair",0
"base-excision repair",1.28880031609217e-254
"mismatch repair",1.92725567075309e-232
"DNA damage response",1.846536125101e-147
"DNA recombination",2.42274786129889e-93
"response to UV",7.8536635667689e-88
"double-strand break repair via homologous recombination",4.17155719739934e-84
"DNA-templated DNA replication",3.11534412003216e-83
"DNA replication",1.29064608127142e-74
"transcription by RNA polymerase II",4.57757304874674e-64
"interstrand cross-link repair",5.07712290505044e-55
"DNA damage checkpoint signaling",3.04952859304034e-54
"mitotic G2/M transition checkpoint",3.04952859304034e-54
"positive regulation of transcription initiation by RNA polymerase II",5.41186884263787e-53
"DNA duplex unwinding",1.88224543986318e-52
"telomere maintenance",1.67460476270082e-51
"double-strand break repair",4.89832526027068e-51
"DNA biosynthetic process",5.03435036248461e-48
"cellular response to UV",7.67845410142954e-42
"single strand break repair",8.75755357395087e-40
"transcription initiation at RNA polymerase II promoter",1.26396024101273e-39
"replication fork processing",5.54261382747834e-35
"meiotic cell cycle",2.95013007902924e-31
"reciprocal meiotic recombination",3.20353133678405e-31
"DNA metabolic process",9.51352614440274e-31
"DNA-templated transcription",2.95874252161094e-30
"double-strand break repair via nonhomologous end joining",1.73071719477871e-22
"cellular response to ionizing radiation",1.02782035497199e-21
"transcription by RNA polymerase III",3.4268254368363e-21
"response to ionizing radiation",1.88602735625428e-13
"response to oxidative stress",1.21313688646331e-11
"response to xenobiotic stimulus",1.51096782044609e-09
"intrinsic apoptotic signaling pathway in response to DNA damage",1.02338196665488e-08
"chromatin organization",4.60858582877196e-07
"positive regulation of DNA repair",7.42785665301162e-07
"G1/S transition of mitotic cell cycle",3.53183941311479e-06
"multicellular organism growth",1.23916236138124e-05
"regulation of cell cycle",0.0189500473911777
"negative regulation of DNA-templated transcription",0.020167373813018
"chromatin remodeling",0.0234697041155136
"protein stabilization",0.0241523654411638
"in utero embryonic development",0.0253800331398381
"regulation of cell population proliferation",0.0278021501068017
