"","MLSP 252"
"cell redox homeostasis",5.40887320585841e-61
"phosphatidylinositol-3-phosphate biosynthetic process",2.04629189464371e-58
"regulation of primary metabolic process",9.09253299245723e-55
"carbohydrate phosphorylation",5.87095783582502e-24
"cellular response to nutrient levels",7.61134701535544e-22
"glucose metabolic process",3.73458054100775e-19
"positive regulation of TORC1 signaling",4.4893255168543e-19
"cellular response to amino acid starvation",1.15244096990798e-15
"negative regulation of autophagy",8.86089283284609e-13
"sodium ion transmembrane transport",1.42143823397145e-12
"phosphatidylinositol 3-kinase/protein kinase B signal transduction",2.11060924665767e-11
"cellular response to hydrogen peroxide",1.34040020713039e-10
"cellular oxidant detoxification",1.16206977445368e-09
"cellular response to starvation",1.73095377945222e-09
"glycolytic process",1.73095377945222e-09
"sodium ion transport",2.16258263253264e-09
"cellular response to insulin stimulus",1.07887096546644e-08
"response to oxidative stress",2.20089180113076e-08
"axonogenesis",3.94278965739646e-08
"regulation of gene expression",1.49755577241113e-07
"protein localization",3.59633007622449e-06
"endocytosis",6.76807872837625e-06
"rhythmic process",7.2463408652802e-06
"positive regulation of angiogenesis",1.20968764405967e-05
"protein modification process",3.04721699581357e-05
"response to xenobiotic stimulus",4.43656342477825e-05
"response to hypoxia",0.000169110784079705
"response to lipopolysaccharide",0.000282713669689052
"negative regulation of transcription by RNA polymerase II",0.000311187880134464
"positive regulation of phosphatidylinositol 3-kinase/protein kinase B signal transduction",0.00135148270039783
"carbohydrate metabolic process",0.00218804252549328
"positive regulation of DNA-templated transcription",0.00767330823512975
"negative regulation of gene expression",0.0322779802917633
"ubiquitin-dependent protein catabolic process",0.0399338732835481
