"","MLSP 463"
"astrocyte activation",6.96639543621733e-258
"positive regulation of chemokine production",2.21839567350728e-205
"positive regulation of smooth muscle cell proliferation",2.40538791551255e-178
"positive regulation of miRNA transcription",1.73730848430213e-163
"regulation of multicellular organismal process",1.96865487787486e-161
"positive regulation of tyrosine phosphorylation of STAT protein",6.47366663550899e-161
"microglial cell activation",3.73014951475577e-159
"positive regulation of non-canonical NF-kappaB signal transduction",1.19381864700121e-147
"positive regulation of cytokine production involved in inflammatory response",7.61631141619401e-137
"positive regulation of interleukin-1 beta production",1.28625000586353e-128
"positive regulation of interleukin-6 production",9.59873481268149e-112
"positive regulation of receptor signaling pathway via JAK-STAT",6.35871674949789e-109
"positive regulation of p38MAPK cascade",7.84860665311085e-106
"positive regulation of activated T cell proliferation",3.63961608571102e-105
"positive regulation of NF-kappaB transcription factor activity",4.38688378938941e-100
"negative regulation of miRNA transcription",2.42611235119077e-93
"cellular response to amyloid-beta",3.23838087949111e-87
"negative regulation of fat cell differentiation",2.17545123099448e-84
"positive regulation of protein phosphorylation",2.21298644538286e-82
"cellular response to ionizing radiation",2.83384666159416e-81
"positive regulation of ERK1 and ERK2 cascade",1.68986922240341e-77
"regulation of insulin secretion",1.91625931967971e-77
"negative regulation of cysteine-type endopeptidase activity involved in apoptotic process",4.924343628107e-74
"regulation of canonical NF-kappaB signal transduction",1.95306003678199e-73
"extrinsic apoptotic signaling pathway",1.58547799876561e-71
"negative regulation of interleukin-6 production",1.43824977175595e-70
"positive regulation of cysteine-type endopeptidase activity involved in apoptotic process",6.59792021978962e-70
"cortical actin cytoskeleton organization",4.4931936052978e-65
"negative regulation of viral genome replication",3.63988404878696e-63
"positive regulation of MAP kinase activity",4.80093077661792e-62
"positive regulation of cell adhesion",6.29567054924218e-61
"regulation of synaptic transmission, glutamatergic",6.34188073146909e-58
"positive regulation of neuron apoptotic process",3.16035055095981e-56
"learning or memory",1.8186379793038e-54
"positive regulation of nitric oxide biosynthetic process",2.82272131754066e-53
"positive regulation of protein-containing complex assembly",9.53886623586093e-52
"tumor necrosis factor-mediated signaling pathway",7.0692212380335e-51
"positive regulation of DNA-binding transcription factor activity",7.26735403252575e-51
"positive regulation of phosphatidylinositol 3-kinase/protein kinase B signal transduction",3.46541426541237e-49
"positive regulation of protein localization to plasma membrane",4.40640473805432e-49
"regulation of inflammatory response",5.20511330159731e-49
"negative regulation of extrinsic apoptotic signaling pathway in absence of ligand",2.43281168888713e-48
"positive regulation of extrinsic apoptotic signaling pathway",1.11131435326855e-47
"activation of cysteine-type endopeptidase activity involved in apoptotic process",1.48835847029056e-46
"negative regulation of apoptotic signaling pathway",3.04551256728194e-46
"positive regulation of peptidyl-serine phosphorylation",8.96693485447091e-46
"positive regulation of interleukin-8 production",2.01851244137874e-45
"positive regulation of cytokine production",5.41579823788113e-44
"response to estradiol",2.1906821004205e-43
"inflammatory response",5.55437994270842e-42
"extrinsic apoptotic signaling pathway via death domain receptors",1.0779622954558e-41
"positive regulation of inflammatory response",1.28005430227817e-41
"triglyceride homeostasis",6.40780337815167e-41
"positive regulation of MAPK cascade",4.81994552120961e-40
"cognition",2.27342595595325e-39
"transport across blood-brain barrier",6.59674409061698e-39
"positive regulation of interleukin-12 production",2.25535671355238e-38
"signaling",1.23217753752912e-37
"regulation of synaptic plasticity",3.17586851042561e-37
"positive regulation of JNK cascade",5.3917420298334e-37
"response to wounding",1.72893470609747e-36
"negative regulation of gene expression",8.42621027919715e-34
"positive regulation of protein catabolic process",7.32813490590667e-33
"antiviral innate immune response",1.5009131445088e-32
"positive regulation of tumor necrosis factor production",2.55373352533912e-29
"chaperone cofactor-dependent protein refolding",5.22369302735281e-29
"response to hypoxia",1.13790935343005e-27
"protein refolding",3.66384542746245e-27
"positive regulation of reactive oxygen species metabolic process",5.06595936341204e-27
"response to virus",8.66348322030726e-25
"circadian rhythm",2.68185643008783e-24
"positive regulation of fibroblast proliferation",8.39831266296983e-24
"neuron projection development",3.04449464149537e-23
"antigen processing and presentation of peptide or polysaccharide antigen via MHC class II",3.78173854156484e-23
"immune response",1.36392594035398e-22
"cell communication",9.0529126971223e-22
"positive regulation of gene expression",1.05351199629222e-21
"humoral immune response",4.34754184659721e-21
"protein localization to plasma membrane",1.31910311487079e-19
"positive regulation of canonical NF-kappaB signal transduction",1.31910311487079e-19
"response to organic cyclic compound",3.59255484553388e-19
"positive regulation of apoptotic process",2.93186762906234e-17
"cholesterol metabolic process",5.98804689891335e-16
"negative regulation of endothelial cell proliferation",6.2763179410099e-16
"positive regulation of peptidyl-tyrosine phosphorylation",3.64695740272326e-15
"positive regulation of vascular endothelial growth factor production",3.97258351229923e-15
"cholesterol homeostasis",3.1628770423375e-14
"response to toxic substance",4.49311277329876e-14
"response to unfolded protein",1.31436266278363e-13
"positive regulation of DNA-templated transcription",2.02431887782206e-13
"positive regulation of epithelial cell proliferation",9.14676966682632e-13
"cholesterol efflux",9.73068476867129e-13
"antigen processing and presentation",1.16413095616153e-12
"negative regulation of inflammatory response",1.30133673783555e-12
"leukocyte cell-cell adhesion",1.50089028671568e-12
"response to nutrient levels",1.58546318724277e-12
"cellular response to xenobiotic stimulus",4.15155145904506e-12
"T cell receptor signaling pathway",6.34000276247374e-12
"cell adhesion",1.82547590455074e-11
"positive regulation of cell cycle",3.71238911878824e-11
"cellular response to growth factor stimulus",9.16298417537747e-11
"response to UV",1.69536555642928e-10
"response to xenobiotic stimulus",3.03751907722788e-10
"lipid homeostasis",3.1469258315007e-10
"cellular response to mechanical stimulus",4.02281720522306e-10
"cell surface receptor signaling pathway",3.27265269295454e-09
"xenobiotic metabolic process",7.34211141830196e-09
"response to oxidative stress",1.28525273856255e-08
"cellular response to virus",1.37797171067342e-08
"nucleotide-excision repair",2.69273349594925e-08
"cellular response to tumor necrosis factor",1.12130528742493e-07
"regulation of cell population proliferation",1.22725962644468e-07
"positive regulation of transcription by RNA polymerase II",1.22882277794196e-07
"heart development",4.86315490809696e-07
"intracellular iron ion homeostasis",4.99550357831559e-07
"negative regulation of DNA-templated transcription",1.00932209045012e-06
"positive regulation of T cell activation",1.66746490477105e-06
"cellular oxidant detoxification",1.90615577726474e-06
"receptor-mediated endocytosis",3.08204906119064e-06
"positive regulation of cell migration",5.14120791332262e-06
"positive regulation of T cell proliferation",5.69917655829041e-06
"lipid transport",8.6184342007611e-06
"intracellular calcium ion homeostasis",8.82916112740639e-06
"protein folding",9.3589864671712e-06
"transforming growth factor beta receptor signaling pathway",1.04494490593717e-05
"negative regulation of transcription by RNA polymerase II",1.66605284628122e-05
"adaptive immune response",4.81133781701454e-05
"defense response to bacterium",6.68208203118059e-05
"peptide antigen assembly with MHC class II protein complex",8.95172013254914e-05
"protein-containing complex assembly",0.000123399927309092
"cellular response to lipopolysaccharide",0.00014445576833485
"cellular response to type II interferon",0.000169856116413548
"cellular response to hypoxia",0.000175411048115627
"antigen processing and presentation of exogenous peptide antigen via MHC class II",0.000219787628133976
"cell population proliferation",0.000270685916946025
"negative regulation of cell population proliferation",0.000456080631246295
"positive regulation of immune response",0.000518267077385889
"symbiont entry into host cell",0.000524725009470364
"positive regulation of angiogenesis",0.000549737745837597
"calcium-mediated signaling",0.00073525268015976
"positive regulation of cytosolic calcium ion concentration",0.000761053869101076
"defense response to Gram-positive bacterium",0.00119644762002526
"cell chemotaxis",0.00203769773937
"response to lipopolysaccharide",0.00477727665558431
"in utero embryonic development",0.00652019649599716
"negative regulation of apoptotic process",0.0127104301214126
"signal transduction",0.021095425117676
"angiogenesis",0.022974111377461
"DNA damage response",0.0333080273285647
