"","MLSP 411"
"cell division",1.21322485920911e-20
"mitotic spindle assembly checkpoint signaling",1.12659567990169e-17
"interstrand cross-link repair",1.12659567990169e-17
"positive regulation of neuron apoptotic process",5.76216994193971e-16
"replication fork processing",4.19185189686219e-14
"chromosome segregation",6.51408555871361e-14
"positive regulation of canonical NF-kappaB signal transduction",1.07378429950362e-13
"DNA repair",1.74501422915836e-12
"pyroptosis",1.85043285036466e-12
"cellular response to ionizing radiation",2.97949891730746e-11
"defense response to virus",9.01521722966155e-11
"DNA damage checkpoint signaling",2.36012790336824e-10
"mitotic cell cycle",3.30562831659436e-10
"positive regulation of defense response to virus by host",5.69395682246174e-10
"intrinsic apoptotic signaling pathway in response to DNA damage by p53 class mediator",8.7075421951229e-10
"DNA damage response",1.10049257845708e-09
"G2/M transition of mitotic cell cycle",4.89038577439383e-09
"mitotic spindle organization",7.35445928824513e-09
"cellular response to mechanical stimulus",7.47347462705834e-09
"positive regulation of release of cytochrome c from mitochondria",1.47987722573524e-08
"chromosome organization",5.2956929183593e-07
"response to stress",7.66604555773215e-07
"mitotic spindle assembly",2.72670185436155e-06
"intrinsic apoptotic signaling pathway in response to DNA damage",2.81689264782843e-06
"innate immune response",2.92712416765343e-06
"positive regulation of actin filament polymerization",2.92712416765343e-06
"double-strand break repair via homologous recombination",4.83215232557614e-06
"positive regulation of cysteine-type endopeptidase activity involved in apoptotic process",8.25307709771079e-06
"positive regulation of extrinsic apoptotic signaling pathway",1.35907661540492e-05
"extrinsic apoptotic signaling pathway",2.64337777825792e-05
"programmed cell death",3.23918985702729e-05
"double-strand break repair",3.31725367780343e-05
"regulation of protein localization",3.89813518203249e-05
"positive regulation of NF-kappaB transcription factor activity",4.32286847870389e-05
"positive regulation of DNA-binding transcription factor activity",5.0427629779586e-05
"cellular response to UV",5.39894994109018e-05
"intrinsic apoptotic signaling pathway in response to endoplasmic reticulum stress",5.76450849599475e-05
"positive regulation of type I interferon production",6.36838752715053e-05
"intrinsic apoptotic signaling pathway",8.75889639179915e-05
"nucleotide-excision repair",0.000102832308340159
"cellular response to virus",0.000113414009796719
"regulation of apoptotic process",0.000226881496396636
"mitotic cytokinesis",0.000226881496396636
"extrinsic apoptotic signaling pathway via death domain receptors",0.00029050980983609
"G1/S transition of mitotic cell cycle",0.000429124556224961
"apoptotic process",0.000434481896643288
"protein maturation",0.000815106563217972
"response to ionizing radiation",0.000948615521939251
"Ras protein signal transduction",0.00181046214617529
"neural tube closure",0.00224868455213154
"regulation of inflammatory response",0.00284446679543566
"tumor necrosis factor-mediated signaling pathway",0.00364260602157301
"positive regulation of interleukin-1 beta production",0.00471498443297401
"cellular response to lipopolysaccharide",0.00502661113644133
"regulation of cell population proliferation",0.00626226201464831
"positive regulation of inflammatory response",0.00626226201464831
"negative regulation of canonical NF-kappaB signal transduction",0.00666063350803036
"meiotic cell cycle",0.00964499870791919
"positive regulation of interleukin-8 production",0.00964499870791919
"DNA recombination",0.0131096061823728
"positive regulation of apoptotic process",0.0156980490569147
"cellular response to hydrogen peroxide",0.0156980490569147
"microtubule-based movement",0.0199729057075848
"regulation of mitotic cell cycle",0.0276960888290013
"protein phosphorylation",0.0383375340029293
